conjunto,archivo,fuente,n_cajas,positiva,nocturna,maxconf_e1_n_deg0_s0,maxconf_e1b_n_deg0_s1,maxconf_e3_s_deg0_s0,maxconf_e3b_s_deg0_s1,maxconf_e4_m_deg0_s0,maxconf_e4b_m_deg0_s1
val,ena24_1003.jpg,ena24,0,False,False,0.001,0.0,0.0014,0.0378,0.0089,0.0
val,ena24_1619.jpg,ena24,0,False,False,0.0,0.0,0.0092,0.0011,0.0,0.0
val,ena24_1772.jpg,ena24,0,False,True,0.0,0.0,0.0,0.0,0.0,0.0
val,ena24_1773.jpg,ena24,0,False,True,0.0,0.0,0.0,0.0,0.0,0.0
val,ena24_1776.jpg,ena24,0,False,True,0.0,0.0,0.0,0.0,0.0,0.0
val,ena24_1777.jpg,ena24,0,False,True,0.0,0.0,0.0,0.0,0.0,0.0
val,ena24_1778.jpg,ena24,0,False,True,0.0,0.0,0.0,0.0,0.0,0.0
val,ena24_1779.jpg,ena24,0,False,True,0.0,0.0,0.0,0.0,0.0,0.0
val,ena24_1805.jpg,ena24,0,False,True,0.0,0.0,0.0028,0.0,0.0,0.0
val,ena24_1806.jpg,ena24,0,False,True,0.0,0.0,0.001,0.0,0.0,0.0
val,ena24_1812.jpg,ena24,0,False,True,0.0,0.0,0.0,0.0,0.0,0.0
val,ena24_1857.jpg,ena24,0,False,True,0.0,0.0,0.0,0.0,0.0,0.0
val,ena24_1906.jpg,ena24,0,False,True,0.0018,0.0,0.0043,0.0,0.0,0.0
val,ena24_1912.jpg,ena24,0,False,True,0.0,0.0,0.0058,0.0019,0.1281,0.0107
val,ena24_1915.jpg,ena24,0,False,True,0.0,0.0,0.0155,0.0091,0.1543,0.0943
val,ena24_1918.jpg,ena24,0,False,True,0.0013,0.0045,0.0094,0.0036,0.0055,0.004
val,ena24_1919.jpg,ena24,0,False,True,0.0,0.0,0.0888,0.0029,0.0066,0.0452
val,ena24_1925.jpg,ena24,0,False,True,0.0,0.0,0.0,0.0,0.0,0.0
val,ena24_1926.jpg,ena24,0,False,True,0.0,0.0,0.0,0.0,0.0,0.0
val,ena24_1929.jpg,ena24,0,False,True,0.0,0.0,0.0,0.0,0.0,0.0
val,ena24_1930.jpg,ena24,0,False,True,0.0,0.0,0.0,0.0,0.0,0.0
val,ena24_214.jpg,ena24,0,False,False,0.0,0.0,0.0,0.0036,0.0,0.0
val,ena24_3373.jpg,ena24,0,False,True,0.0,0.0,0.0,0.0,0.0,0.0
val,ena24_4852.jpg,ena24,0,False,False,0.0,0.0,0.0023,0.0,0.0,0.0087
val,ena24_4862.jpg,ena24,0,False,False,0.0,0.0011,0.0018,0.0083,0.0,0.0077
val,ena24_4953.jpg,ena24,0,False,True,0.0,0.0,0.1033,0.052,0.0051,0.0065
val,ena24_5034.jpg,ena24,0,False,False,0.0,0.0,0.0416,0.0014,0.0,0.0032
val,ena24_5043.jpg,ena24,0,False,False,0.082,0.0358,0.0654,0.0,0.0,0.0073
val,ena24_5044.jpg,ena24,0,False,False,0.0,0.0,0.0054,0.0,0.0,0.0027
val,ena24_5052.jpg,ena24,0,False,False,0.1015,0.0539,0.0,0.0,0.0,0.0473
val,ena24_5053.jpg,ena24,0,False,False,0.0,0.0015,0.0185,0.0,0.0,0.0
val,ena24_5054.jpg,ena24,0,False,False,0.0,0.0,0.0,0.0015,0.0,0.0011
val,ena24_5142.jpg,ena24,0,False,False,0.0,0.0,0.0,0.0,0.0,0.0
val,ena24_5145.jpg,ena24,0,False,False,0.0,0.0,0.0,0.0,0.0,0.0
val,ena24_5146.jpg,ena24,0,False,False,0.0,0.0,0.0,0.0,0.0,0.0
val,ena24_5149.jpg,ena24,0,False,False,0.0,0.0,0.0,0.0,0.0,0.0
val,ena24_5152.jpg,ena24,0,False,False,0.0,0.0,0.0,0.0,0.0,0.0
val,ena24_5153.jpg,ena24,0,False,False,0.0,0.0,0.0,0.0,0.0,0.0
val,ena24_5186.jpg,ena24,0,False,False,0.0,0.0,0.0,0.0,0.0,0.0
val,ena24_5187.jpg,ena24,0,False,False,0.0,0.0,0.0,0.0,0.0,0.0
val,ena24_5194.jpg,ena24,0,False,False,0.0,0.0,0.0,0.0,0.0,0.0
val,ena24_5197.jpg,ena24,0,False,False,0.0,0.0,0.0038,0.0,0.0,0.0
val,ena24_522.jpg,ena24,0,False,False,0.0,0.0,0.0,0.0,0.0,0.0
val,ena24_5223.jpg,ena24,0,False,False,0.0,0.0,0.003,0.0,0.0,0.0
val,ena24_5225.jpg,ena24,0,False,False,0.0,0.0096,0.0062,0.0,0.0098,0.2516
val,ena24_5242.jpg,ena24,0,False,False,0.0,0.0086,0.0018,0.0,0.0,0.0
val,ena24_5278.jpg,ena24,0,False,False,0.0,0.0,0.0,0.0,0.0,0.0
val,ena24_5279.jpg,ena24,0,False,False,0.0,0.0,0.0,0.0,0.0,0.0
val,ena24_5294.jpg,ena24,0,False,False,0.0,0.0,0.0,0.0,0.0,0.0
val,ena24_5295.jpg,ena24,0,False,False,0.0,0.0,0.0,0.0,0.0,0.0
val,ena24_5298.jpg,ena24,0,False,False,0.0,0.0,0.0,0.0,0.0,0.0
val,ena24_5299.jpg,ena24,0,False,False,0.0,0.0,0.0,0.0,0.0,0.0
val,ena24_5301.jpg,ena24,0,False,False,0.0,0.0,0.0,0.0,0.0,0.0
val,ena24_5520.jpg,ena24,0,False,True,0.0,0.0,0.0168,0.0,0.0,0.0
val,ena24_5533.jpg,ena24,0,False,True,0.0,0.0015,0.0,0.0,0.0,0.0
val,ena24_5536.jpg,ena24,0,False,True,0.0,0.0,0.0,0.0,0.0,0.0
val,ena24_5538.jpg,ena24,0,False,True,0.0,0.0,0.0,0.0,0.0,0.0
val,ena24_5559.jpg,ena24,0,False,False,0.0,0.0,0.0,0.0067,0.0,0.0
val,ena24_5560.jpg,ena24,0,False,False,0.0,0.0,0.0,0.0058,0.0,0.0
val,ena24_5585.jpg,ena24,0,False,True,0.0,0.0,0.0,0.0,0.0,0.0
val,ena24_5588.jpg,ena24,0,False,True,0.0,0.0,0.0,0.0,0.0,0.0
val,ena24_5589.jpg,ena24,0,False,True,0.0,0.0,0.0,0.0,0.0,0.0
val,ena24_5596.jpg,ena24,0,False,False,0.0256,0.0171,0.6914,0.0,0.0217,0.0238
val,ena24_5634.jpg,ena24,0,False,False,0.0,0.0,0.0,0.0,0.0,0.0
val,ena24_5636.jpg,ena24,0,False,False,0.0,0.0,0.0,0.0,0.0,0.0
val,ena24_5826.jpg,ena24,0,False,True,0.0,0.0013,0.0228,0.0,0.0073,0.0017
val,ena24_5839.jpg,ena24,0,False,True,0.0,0.0,0.0015,0.0,0.0,0.0021
val,ena24_5930.jpg,ena24,0,False,False,0.0,0.0,0.0,0.0,0.0,0.0
val,ena24_6615.jpg,ena24,0,False,False,0.0,0.0013,0.0,0.0,0.0,0.0
val,ena24_6616.jpg,ena24,0,False,False,0.0,0.0066,0.0,0.0,0.0,0.0
val,ena24_6617.jpg,ena24,0,False,False,0.0,0.0021,0.0,0.0,0.0,0.0
val,ena24_6618.jpg,ena24,0,False,True,0.0,0.0092,0.024,0.1134,0.026,0.3841
val,ena24_6621.jpg,ena24,0,False,False,0.0663,0.9566,0.9089,0.928,0.8648,0.4687
val,ena24_6622.jpg,ena24,0,False,False,0.0,0.8802,0.5579,0.9307,0.1824,0.0221
val,ena24_6623.jpg,ena24,0,False,False,0.7712,0.3109,0.8902,0.8562,0.0125,0.0261
val,ena24_6644.jpg,ena24,0,False,True,0.0,0.0,0.0,0.0,0.0,0.0
val,ena24_6645.jpg,ena24,0,False,True,0.0,0.0,0.0,0.0,0.0,0.0
val,ena24_6649.jpg,ena24,0,False,True,0.0,0.0,0.0,0.0,0.0,0.0
val,ena24_6651.jpg,ena24,0,False,True,0.0,0.0,0.0,0.0,0.0,0.0
val,ena24_6683.jpg,ena24,0,False,True,0.0,0.0014,0.0473,0.0,0.0,0.0
val,ena24_6708.jpg,ena24,0,False,True,0.0,0.0041,0.0,0.0,0.0661,0.0033
val,ena24_6710.jpg,ena24,0,False,True,0.0,0.0027,0.003,0.001,0.001,0.0063
val,ena24_6711.jpg,ena24,0,False,True,0.0,0.0025,0.002,0.0121,0.0132,0.0071
val,ena24_6713.jpg,ena24,0,False,True,0.0,0.0036,0.0,0.0,0.0,0.0021
val,ena24_6718.jpg,ena24,0,False,True,0.0,0.0016,0.0,0.0,0.0,0.0
val,ena24_6723.jpg,ena24,0,False,True,0.0,0.0,0.0,0.0,0.0,0.0
val,ena24_6726.jpg,ena24,0,False,True,0.0,0.0,0.0,0.0,0.0,0.0
val,ena24_6796.jpg,ena24,0,False,False,0.0,0.0,0.0,0.0,0.0,0.0021
val,ena24_6799.jpg,ena24,0,False,False,0.0,0.0,0.0,0.0,0.0,0.0023
val,ena24_6937.jpg,ena24,0,False,False,0.0,0.0,0.0027,0.0,0.0,0.0
val,ena24_7120.jpg,ena24,0,False,True,0.0,0.0,0.0037,0.0,0.0,0.0
val,ena24_7122.jpg,ena24,0,False,True,0.0,0.0,0.0156,0.0,0.0,0.0
val,ena24_7150.jpg,ena24,0,False,True,0.0017,0.0,0.0173,0.0448,0.0161,0.0044
val,ena24_7166.jpg,ena24,0,False,True,0.0,0.0,0.0011,0.0,0.0134,0.0
val,ena24_7191.jpg,ena24,0,False,True,0.0,0.0,0.0,0.0,0.0,0.0
val,ena24_7311.jpg,ena24,0,False,True,0.0,0.0,0.0,0.0,0.0199,0.001
val,ena24_7334.jpg,ena24,0,False,True,0.0,0.0,0.0,0.0,0.0017,0.0
val,ena24_7336.jpg,ena24,0,False,True,0.0,0.0,0.0,0.0,0.0,0.0
val,ena24_7355.jpg,ena24,0,False,True,0.0,0.0015,0.0,0.0,0.0,0.0013
val,ena24_7356.jpg,ena24,0,False,True,0.0052,0.0046,0.0,0.0,0.0,0.0
val,ena24_7367.jpg,ena24,0,False,True,0.0,0.0,0.0,0.0,0.0257,0.0
val,ena24_7368.jpg,ena24,0,False,True,0.0,0.0,0.0,0.0,0.0066,0.0
val,ena24_7386.jpg,ena24,0,False,True,0.0,0.0,0.0,0.0,0.0,0.0
val,ena24_7387.jpg,ena24,0,False,True,0.0,0.0,0.0149,0.0,0.0,0.0025
val,ena24_7427.jpg,ena24,0,False,True,0.0,0.0,0.0025,0.0,0.0,0.0
val,ena24_7440.jpg,ena24,0,False,True,0.0,0.0,0.0,0.0,0.0011,0.0
val,ena24_7442.jpg,ena24,0,False,True,0.0,0.0,0.0,0.0,0.0125,0.0
val,ena24_7444.jpg,ena24,0,False,True,0.0,0.0,0.0,0.0,0.0,0.0
val,ena24_7448.jpg,ena24,0,False,True,0.0,0.0,0.0023,0.0104,0.0,0.0
val,ena24_7472.jpg,ena24,0,False,True,0.0021,0.0,0.1499,0.0118,0.1605,0.0044
val,ena24_7473.jpg,ena24,0,False,True,0.0046,0.0,0.0492,0.0108,0.022,0.0038
val,ena24_7474.jpg,ena24,0,False,True,0.0017,0.0,0.0236,0.0085,0.031,0.0107
val,ena24_7476.jpg,ena24,0,False,True,0.0094,0.0015,0.0794,0.0081,0.0266,0.0207
val,ena24_7478.jpg,ena24,0,False,True,0.0,0.0,0.0,0.0122,0.002,0.0
val,ena24_7480.jpg,ena24,0,False,True,0.0,0.0062,0.0,0.012,0.0029,0.0
val,ena24_7503.jpg,ena24,0,False,False,0.0038,0.0012,0.0484,0.0,0.001,0.0018
val,ena24_7504.jpg,ena24,0,False,False,0.0,0.0016,0.0,0.0,0.0,0.0
val,ena24_7511.jpg,ena24,0,False,False,0.0,0.0,0.0,0.0,0.0,0.0
val,ena24_7529.jpg,ena24,0,False,True,0.0,0.0029,0.0,0.0,0.0,0.0
val,ena24_7530.jpg,ena24,0,False,True,0.0,0.0037,0.0,0.0,0.0,0.0
val,ena24_7531.jpg,ena24,0,False,True,0.0,0.0017,0.0,0.0,0.0,0.0
val,ena24_7539.jpg,ena24,0,False,True,0.0079,0.0,0.0,0.0128,0.0,0.0017
val,ena24_7542.jpg,ena24,0,False,True,0.0,0.0,0.0,0.0,0.0016,0.172
val,ena24_7543.jpg,ena24,0,False,True,0.001,0.5242,0.022,0.0583,0.0236,0.03
val,ena24_7558.jpg,ena24,0,False,True,0.0,0.0,0.0,0.0,0.0,0.0
val,ena24_7559.jpg,ena24,0,False,True,0.0,0.0,0.0,0.0,0.0012,0.0
val,ena24_7560.jpg,ena24,0,False,True,0.0,0.0,0.0042,0.0,0.0,0.0
val,ena24_7561.jpg,ena24,0,False,True,0.0,0.0,0.0,0.0,0.0,0.0
val,ena24_7562.jpg,ena24,0,False,True,0.0,0.0,0.0,0.0,0.0012,0.0
val,ena24_7563.jpg,ena24,0,False,False,0.0,0.0,0.0066,0.0,0.0,0.0
val,ena24_7564.jpg,ena24,0,False,False,0.0,0.0,0.0066,0.0,0.0,0.0
val,ena24_7565.jpg,ena24,0,False,False,0.0,0.0,0.0094,0.0,0.0,0.0
val,ena24_7567.jpg,ena24,0,False,True,0.0,0.0011,0.0,0.0,0.0,0.0044
val,ena24_7568.jpg,ena24,0,False,True,0.0,0.0,0.0,0.0,0.0,0.0
val,ena24_7569.jpg,ena24,0,False,True,0.0,0.0,0.0,0.0,0.0,0.0
val,ena24_7571.jpg,ena24,0,False,True,0.0,0.0012,0.0,0.0,0.0,0.0
val,ena24_7576.jpg,ena24,0,False,True,0.0,0.0,0.0,0.0,0.0,0.0
val,ena24_7577.jpg,ena24,0,False,True,0.0,0.0,0.0,0.0,0.0,0.0
val,ena24_7578.jpg,ena24,0,False,True,0.0,0.0,0.0,0.0,0.0,0.0
val,ena24_7579.jpg,ena24,0,False,True,0.0,0.0,0.0,0.0,0.0,0.0
val,ena24_7580.jpg,ena24,0,False,True,0.0,0.0,0.0,0.0,0.0,0.0
val,ena24_7581.jpg,ena24,0,False,True,0.0,0.0,0.0,0.0,0.0,0.0
val,ena24_7583.jpg,ena24,0,False,True,0.0,0.0,0.0,0.0,0.0,0.0018
val,ena24_7584.jpg,ena24,0,False,True,0.0,0.0,0.0,0.0,0.0,0.0
val,ena24_7585.jpg,ena24,0,False,True,0.0,0.0,0.0,0.0,0.0,0.0
val,ena24_7586.jpg,ena24,0,False,True,0.0,0.0,0.0,0.0,0.0,0.0
val,ena24_7587.jpg,ena24,0,False,True,0.0,0.0,0.0,0.0,0.0,0.0
val,ena24_7588.jpg,ena24,0,False,True,0.0,0.0012,0.0,0.0,0.0,0.0
val,ena24_7617.jpg,ena24,0,False,False,0.0022,0.0082,0.6183,0.0015,0.0097,0.009
val,ena24_7633.jpg,ena24,0,False,True,0.0,0.0,0.0,0.0,0.0,0.0
val,ena24_7651.jpg,ena24,0,False,False,0.0,0.0,0.0,0.0207,0.1595,0.0038
val,ena24_7654.jpg,ena24,0,False,False,0.0,0.0,0.6646,0.0,0.2618,0.0
val,ena24_7661.jpg,ena24,0,False,False,0.0,0.0,0.0,0.0,0.0,0.0
val,ena24_7662.jpg,ena24,0,False,False,0.0,0.0,0.0,0.0,0.0,0.0
val,ena24_7663.jpg,ena24,0,False,False,0.0,0.0,0.0,0.0,0.0,0.0
val,ena24_7673.jpg,ena24,0,False,True,0.0,0.0,0.0,0.0,0.0,0.0
val,ena24_7697.jpg,ena24,0,False,True,0.0018,0.0,0.0,0.0026,0.0,0.0062
val,ena24_7699.jpg,ena24,0,False,True,0.0,0.0011,0.0,0.0032,0.0023,0.0337
val,ena24_7700.jpg,ena24,0,False,True,0.0012,0.0,0.0,0.0018,0.0,0.0036
val,ena24_7703.jpg,ena24,0,False,True,0.0,0.1176,0.0242,0.0023,0.0059,0.0027
val,ena24_7704.jpg,ena24,0,False,True,0.0014,0.1632,0.0016,0.0034,0.0031,0.0112
val,ena24_7707.jpg,ena24,0,False,True,0.0,0.0078,0.0039,0.0032,0.0018,0.005
val,ena24_7708.jpg,ena24,0,False,True,0.0,0.0086,0.0022,0.0,0.0151,0.0055
val,ena24_7709.jpg,ena24,0,False,True,0.0,0.008,0.0032,0.0013,0.0,0.0046
val,ena24_7710.jpg,ena24,0,False,True,0.0,0.0,0.015,0.0,0.0163,0.0012
val,ena24_7731.jpg,ena24,0,False,False,0.8121,0.7559,0.0546,0.0,0.1771,0.0345
val,ena24_7732.jpg,ena24,0,False,False,0.0466,0.6291,0.137,0.0,0.0,0.0
val,ena24_7745.jpg,ena24,0,False,True,0.0322,0.0,0.7899,0.0042,0.5927,0.7368
val,ena24_7748.jpg,ena24,0,False,True,0.0223,0.0,0.4408,0.0108,0.073,0.0511
val,ena24_7750.jpg,ena24,0,False,True,0.0019,0.001,0.0059,0.0071,0.0037,0.0
val,ena24_7754.jpg,ena24,0,False,True,0.0,0.0,0.0,0.0,0.0,0.0673
val,ena24_7756.jpg,ena24,0,False,True,0.0,0.0,0.0,0.0,0.0035,0.0159
val,ena24_7758.jpg,ena24,0,False,True,0.0,0.0,0.0,0.0,0.0,0.0215
val,ena24_7759.jpg,ena24,0,False,True,0.0,0.0,0.0017,0.0018,0.0,0.0
val,ena24_7760.jpg,ena24,0,False,True,0.0,0.001,0.0016,0.0128,0.0013,0.0
val,ena24_7764.jpg,ena24,0,False,True,0.0,0.0,0.0029,0.0058,0.0,0.0
val,ena24_7765.jpg,ena24,0,False,True,0.0,0.0,0.0012,0.005,0.0,0.0
val,ena24_7766.jpg,ena24,0,False,True,0.0,0.0,0.0,0.0013,0.0,0.0
val,ena24_7767.jpg,ena24,0,False,True,0.0,0.0,0.0023,0.0054,0.0,0.0
val,ena24_7768.jpg,ena24,0,False,True,0.0,0.0,0.0,0.0,0.0,0.0
val,ena24_7899.jpg,ena24,0,False,False,0.0,0.0021,0.0041,0.0089,0.3053,0.0
val,ena24_8718.jpg,ena24,0,False,True,0.893,0.9063,0.7073,0.8471,0.1264,0.8638
val,ena24_8800.jpg,ena24,1,True,True,0.9641,0.9632,0.9626,0.9637,0.9068,0.9396
val,ena24_8805.jpg,ena24,1,True,False,0.9595,0.9578,0.9351,0.9422,0.9622,0.9586
val,ena24_8806.jpg,ena24,1,True,False,0.9482,0.9685,0.9304,0.9473,0.9572,0.9551
val,ena24_8837.jpg,ena24,1,True,False,0.8798,0.8823,0.859,0.8675,0.9009,0.913
val,ena24_8838.jpg,ena24,1,True,False,0.9115,0.929,0.9139,0.8813,0.9266,0.9381
val,ena24_8839.jpg,ena24,1,True,False,0.9361,0.9474,0.9372,0.9169,0.9406,0.9412
val,ena24_8841.jpg,ena24,1,True,False,0.9387,0.9388,0.9183,0.9358,0.9337,0.9476
val,ena24_8842.jpg,ena24,1,True,False,0.9451,0.9479,0.9368,0.9349,0.9541,0.9481
val,ena24_8852.jpg,ena24,1,True,False,0.971,0.9599,0.9403,0.9526,0.9409,0.9039
val,ena24_8862.jpg,ena24,1,True,True,0.318,0.4608,0.6474,0.7657,0.4869,0.6142
val,ena24_8863.jpg,ena24,2,True,True,0.9526,0.9527,0.9228,0.9126,0.9184,0.9475
val,ena24_8874.jpg,ena24,2,True,True,0.9276,0.9472,0.9055,0.9284,0.9239,0.9284
val,ena24_8906.jpg,ena24,1,True,True,0.496,0.9677,0.9612,0.9406,0.955,0.9569
val,ena24_8910.jpg,ena24,1,True,True,0.9384,0.9607,0.9484,0.9362,0.9509,0.9396
val,ena24_8911.jpg,ena24,1,True,True,0.6656,0.9475,0.8269,0.8714,0.9265,0.7858
val,ena24_8930.jpg,ena24,1,True,True,0.965,0.9536,0.9493,0.9369,0.9473,0.9588
val,ena24_8933.jpg,ena24,1,True,True,0.9638,0.9514,0.9473,0.9584,0.9424,0.9618
val,ena24_8947.jpg,ena24,1,True,True,0.9552,0.9541,0.9553,0.9234,0.946,0.9484
val,ena24_8952.jpg,ena24,2,True,True,0.9432,0.9557,0.9446,0.947,0.9584,0.9515
val,ena24_8953.jpg,ena24,2,True,True,0.9378,0.9543,0.9329,0.9381,0.9557,0.9607
val,ena24_8961.jpg,ena24,1,True,True,0.9653,0.9704,0.9385,0.9326,0.9492,0.9651
val,ena24_8976.jpg,ena24,1,True,True,0.9083,0.9513,0.9282,0.9106,0.9494,0.9441
val,ena24_8982.jpg,ena24,1,True,True,0.9468,0.9533,0.9389,0.9334,0.9428,0.9463
val,ena24_8984.jpg,ena24,1,True,True,0.9343,0.9428,0.941,0.9171,0.9425,0.9409
val,ena24_8988.jpg,ena24,1,True,False,0.4039,0.7608,0.8637,0.8313,0.2559,0.8952
val,ena24_8989.jpg,ena24,1,True,False,0.9015,0.8783,0.9352,0.9241,0.9102,0.9175
val,ena24_8990.jpg,ena24,1,True,False,0.9471,0.9263,0.9227,0.9419,0.9369,0.9407
val,ena24_8991.jpg,ena24,1,True,False,0.9352,0.9227,0.9101,0.935,0.9366,0.9311
val,ena24_8992.jpg,ena24,1,True,False,0.8091,0.6922,0.8748,0.802,0.9021,0.8718
val,ena24_8993.jpg,ena24,1,True,False,0.9404,0.936,0.928,0.9347,0.9339,0.9336
val,ena24_8994.jpg,ena24,1,True,True,0.9213,0.9348,0.9167,0.9423,0.935,0.9395
val,ena24_8995.jpg,ena24,1,True,True,0.4218,0.8603,0.8852,0.7453,0.9152,0.8876
val,ena24_8996.jpg,ena24,1,True,True,0.8308,0.8414,0.8787,0.9129,0.9038,0.9069
val,ena24_8997.jpg,ena24,1,True,True,0.9318,0.935,0.9319,0.9457,0.9395,0.9297
val,ena24_8998.jpg,ena24,1,True,True,0.9363,0.9367,0.9082,0.9505,0.9381,0.9392
val,ena24_8999.jpg,ena24,1,True,True,0.8984,0.8888,0.9135,0.8966,0.9254,0.9168
val,ena24_9000.jpg,ena24,1,True,True,0.3154,0.8813,0.8918,0.7662,0.9182,0.9198
val,ena24_9001.jpg,ena24,1,True,True,0.9129,0.9477,0.9342,0.9467,0.9258,0.9281
val,ena24_9002.jpg,ena24,1,True,True,0.8834,0.2291,0.8905,0.896,0.8897,0.9035
val,ena24_9003.jpg,ena24,1,True,True,0.8489,0.8935,0.9204,0.912,0.9134,0.909
val,ena24_9004.jpg,ena24,1,True,True,0.8847,0.6764,0.8918,0.8918,0.8956,0.9043
val,ena24_9006.jpg,ena24,1,True,True,0.885,0.6109,0.8924,0.8769,0.8928,0.9028
val,ena24_9015.jpg,ena24,1,True,False,0.8833,0.9647,0.955,0.9623,0.9469,0.955
val,ena24_9017.jpg,ena24,1,True,False,0.9467,0.9417,0.9712,0.9497,0.886,0.9586
val,ena24_9037.jpg,ena24,1,True,True,0.9501,0.9058,0.9425,0.9181,0.9441,0.9536
val,ena24_9038.jpg,ena24,1,True,True,0.9263,0.8988,0.9443,0.9443,0.9176,0.9476
val,ena24_9039.jpg,ena24,1,True,True,0.8849,0.6646,0.924,0.9038,0.9055,0.9283
val,ena24_9050.jpg,ena24,1,True,True,0.9685,0.957,0.9519,0.9539,0.9512,0.953
val,ena24_9102.jpg,ena24,1,True,False,0.1791,0.8618,0.9062,0.8844,0.0637,0.9163
val,ena24_9107.jpg,ena24,1,True,True,0.9408,0.9407,0.9,0.9347,0.906,0.9414
val,ena24_9108.jpg,ena24,1,True,True,0.84,0.893,0.8612,0.8945,0.7901,0.8134
val,ena24_9109.jpg,ena24,1,True,True,0.9478,0.922,0.8866,0.9229,0.9348,0.9548
val,ena24_9110.jpg,ena24,1,True,True,0.9359,0.9035,0.4217,0.9166,0.8022,0.9517
val,ena24_9111.jpg,ena24,1,True,True,0.903,0.9577,0.8814,0.937,0.8432,0.9443
val,ena24_9112.jpg,ena24,1,True,True,0.9395,0.9224,0.9017,0.9239,0.9412,0.9444
val,ena24_9115.jpg,ena24,1,True,True,0.9353,0.9525,0.9069,0.9334,0.9439,0.9517
val,ena24_9117.jpg,ena24,1,True,True,0.9568,0.9199,0.9446,0.9128,0.9452,0.9533
val,ena24_9118.jpg,ena24,1,True,True,0.9395,0.9658,0.9385,0.8951,0.9141,0.9391
val,ena24_9121.jpg,ena24,1,True,True,0.9285,0.9302,0.9135,0.911,0.9101,0.9399
val,ena24_9130.jpg,ena24,1,True,True,0.9487,0.9647,0.9662,0.9563,0.9593,0.9588
val,ena24_9132.jpg,ena24,1,True,True,0.9629,0.6862,0.9405,0.8152,0.9375,0.9313
val,ena24_9148.jpg,ena24,1,True,True,0.9619,0.94,0.7796,0.9341,0.9515,0.9247
val,ena24_9152.jpg,ena24,1,True,True,0.9654,0.9347,0.8348,0.9454,0.9349,0.9166
val,ena24_9154.jpg,ena24,1,True,False,0.8161,0.8977,0.8977,0.8921,0.8755,0.8815
val,ena24_9155.jpg,ena24,1,True,True,0.9687,0.4026,0.8635,0.9422,0.9371,0.9388
val,ena24_9181.jpg,ena24,1,True,True,0.9416,0.9083,0.9231,0.9292,0.9377,0.8686
val,ena24_9197.jpg,ena24,1,True,False,0.3853,0.2651,0.8979,0.723,0.786,0.8205
val,ena24_9204.jpg,ena24,1,True,True,0.9675,0.8026,0.1156,0.944,0.9361,0.7504
val,ena24_9212.jpg,ena24,1,True,True,0.7503,0.9249,0.8775,0.7989,0.796,0.9051
val,ena24_9213.jpg,ena24,1,True,False,0.8938,0.8974,0.927,0.9276,0.9377,0.9409
val,ena24_9214.jpg,ena24,1,True,False,0.4641,0.9204,0.9086,0.8771,0.8563,0.9155
val,ena24_9215.jpg,ena24,1,True,False,0.3629,0.8449,0.9306,0.8827,0.8256,0.8785
val,ena24_9230.jpg,ena24,1,True,False,0.9466,0.9283,0.8719,0.9314,0.9601,0.4497
val,ena24_9235.jpg,ena24,1,True,False,0.9486,0.9634,0.9382,0.9381,0.9341,0.9352
val,ena24_9243.jpg,ena24,1,True,True,0.9691,0.8416,0.7466,0.9481,0.9418,0.9277
val,ena24_9282.jpg,ena24,2,True,True,0.9423,0.9551,0.9568,0.9596,0.936,0.9492
val,ena24_9283.jpg,ena24,2,True,True,0.9647,0.9639,0.9551,0.9529,0.9468,0.9581
val,ena24_9304.jpg,ena24,1,True,True,0.9674,0.9521,0.94,0.9109,0.9523,0.9345
val,ena24_9307.jpg,ena24,1,True,True,0.9699,0.9577,0.9434,0.9309,0.7283,0.9321
val,ena24_9320.jpg,ena24,1,True,True,0.9565,0.9413,0.9394,0.9087,0.9541,0.9505
val,ena24_9334.jpg,ena24,1,True,True,0.9616,0.8797,0.7215,0.9412,0.9562,0.9295
val,ena24_9335.jpg,ena24,1,True,True,0.961,0.9125,0.8588,0.9371,0.9419,0.9163
val,ena24_9338.jpg,ena24,1,True,True,0.9375,0.9513,0.9019,0.8033,0.9506,0.862
val,ena24_9412.jpg,ena24,1,True,False,0.9586,0.9638,0.9609,0.954,0.9628,0.9612
val,ena24_9418.jpg,ena24,1,True,False,0.9651,0.9598,0.9637,0.9458,0.9617,0.9621
val,ena24_9437.jpg,ena24,1,True,False,0.967,0.9544,0.9479,0.942,0.9179,0.9574
val,ena24_9439.jpg,ena24,1,True,False,0.1121,0.9226,0.8295,0.0018,0.0031,0.5009
val,ena24_9468.jpg,ena24,1,True,False,0.9539,0.9256,0.87,0.8505,0.8239,0.9031
val,ena24_9470.jpg,ena24,1,True,False,0.7798,0.9143,0.6759,0.885,0.8543,0.8611
val,ena24_9472.jpg,ena24,1,True,False,0.0,0.0,0.0,0.0,0.0015,0.0224
val,ena24_9474.jpg,ena24,1,True,False,0.9303,0.9412,0.9489,0.9376,0.2523,0.7751
val,ena24_9483.jpg,ena24,1,True,False,0.9423,0.7194,0.031,0.7557,0.4213,0.7317
val,ena24_9484.jpg,ena24,1,True,False,0.8674,0.0078,0.4037,0.3176,0.69,0.8213
val,ena24_9485.jpg,ena24,1,True,False,0.9309,0.5286,0.4131,0.0741,0.3843,0.9281
val,ena24_9490.jpg,ena24,1,True,False,0.9056,0.8916,0.92,0.8837,0.8037,0.9089
val,ena24_9492.jpg,ena24,1,True,False,0.8732,0.6749,0.9265,0.8864,0.1746,0.6786
val,ena24_9493.jpg,ena24,1,True,False,0.9141,0.9239,0.9325,0.9244,0.8656,0.8678
val,ena24_9494.jpg,ena24,1,True,False,0.8674,0.8522,0.9303,0.9343,0.8603,0.8467
val,ena24_9530.jpg,ena24,1,True,False,0.1276,0.9248,0.9484,0.9376,0.9558,0.9034
val,ena24_9539.jpg,ena24,1,True,True,0.9602,0.9521,0.951,0.9367,0.9348,0.9482
val,ena24_9542.jpg,ena24,1,True,True,0.9678,0.9564,0.9457,0.94,0.9499,0.9521
val,ena24_9544.jpg,ena24,1,True,True,0.9347,0.8599,0.9169,0.9173,0.9345,0.9206
val,ena24_9546.jpg,ena24,1,True,True,0.8778,0.847,0.8495,0.6212,0.9155,0.8879
val,ena24_9547.jpg,ena24,1,True,True,0.9687,0.9438,0.9337,0.9429,0.9497,0.9416
val,ena24_9556.jpg,ena24,1,True,True,0.9371,0.9532,0.9299,0.9314,0.9033,0.9425
val,ena24_9557.jpg,ena24,1,True,False,0.872,0.9095,0.8103,0.8501,0.8249,0.8314
val,ena24_9574.jpg,ena24,1,True,True,0.9316,0.9531,0.9025,0.8972,0.9289,0.9401
val,ena24_9576.jpg,ena24,1,True,True,0.9507,0.9281,0.9041,0.9261,0.9182,0.9257
val,ena24_9590.jpg,ena24,1,True,True,0.9617,0.9524,0.9469,0.9515,0.9419,0.9529
val,ena24_9591.jpg,ena24,1,True,True,0.9655,0.9425,0.4521,0.9278,0.9429,0.9229
val,ena24_9592.jpg,ena24,1,True,True,0.9553,0.9199,0.9496,0.9548,0.4979,0.9537
val,ena24_9598.jpg,ena24,1,True,True,0.9674,0.9591,0.9555,0.9521,0.9586,0.9564
val,ena24_9599.jpg,ena24,1,True,True,0.579,0.3501,0.4371,0.7395,0.6237,0.0324
val,ena24_9600.jpg,ena24,1,True,True,0.9383,0.9404,0.9262,0.8869,0.8593,0.9357
val,ena24_9601.jpg,ena24,1,True,True,0.9109,0.9052,0.9168,0.9172,0.9302,0.932
val,ena24_9602.jpg,ena24,1,True,True,0.9271,0.7857,0.9096,0.9385,0.93,0.9286
val,ena24_9606.jpg,ena24,1,True,False,0.5607,0.8526,0.7357,0.5409,0.5591,0.8003
val,ena24_9618.jpg,ena24,1,True,False,0.0,0.0,0.0995,0.0027,0.0,0.0135
val,ena24_9622.jpg,ena24,1,True,True,0.9532,0.9414,0.296,0.9444,0.9487,0.8838
val,ena24_9624.jpg,ena24,1,True,False,0.9548,0.9485,0.9589,0.9583,0.9327,0.9563
val,ena24_9625.jpg,ena24,1,True,True,0.9684,0.9268,0.7328,0.945,0.9494,0.8657
val,ena24_9634.jpg,ena24,1,True,False,0.9646,0.9632,0.9627,0.9623,0.9534,0.9517
val,ena24_9635.jpg,ena24,1,True,False,0.9646,0.9693,0.96,0.9542,0.9674,0.9575
val,ena24_9636.jpg,ena24,1,True,False,0.9569,0.9461,0.9413,0.9501,0.9343,0.958
val,ena24_9637.jpg,ena24,1,True,False,0.9369,0.9347,0.9434,0.9443,0.93,0.9346
val,ena24_9638.jpg,ena24,1,True,False,0.9364,0.9416,0.9392,0.9358,0.941,0.9487
val,ena24_9639.jpg,ena24,1,True,False,0.9528,0.941,0.7071,0.909,0.953,0.9311
val,ena24_9640.jpg,ena24,1,True,False,0.9145,0.9176,0.8931,0.9205,0.9301,0.9197
val,ena24_9641.jpg,ena24,1,True,False,0.8868,0.7407,0.8953,0.9122,0.9299,0.9215
val,ena24_9642.jpg,ena24,1,True,True,0.9092,0.9295,0.9266,0.9341,0.9514,0.9462
val,ena24_9643.jpg,ena24,1,True,True,0.9418,0.9334,0.9225,0.9123,0.9346,0.9265
val,ena24_9644.jpg,ena24,1,True,True,0.85,0.6414,0.5396,0.8906,0.8706,0.4482
val,ena24_9645.jpg,ena24,1,True,True,0.9263,0.6138,0.9155,0.9324,0.9489,0.8053
val,ena24_9646.jpg,ena24,1,True,True,0.9404,0.9046,0.9064,0.9237,0.9265,0.9465
val,ena24_9647.jpg,ena24,1,True,True,0.9515,0.965,0.9583,0.9509,0.957,0.9615
val,ena24_9650.jpg,ena24,1,True,True,0.9619,0.9551,0.9364,0.9538,0.9619,0.9427
val,ena24_9651.jpg,ena24,1,True,True,0.852,0.8672,0.8822,0.4305,0.7698,0.6445
val,ena24_9652.jpg,ena24,1,True,True,0.9322,0.9405,0.9425,0.9322,0.8609,0.8327
val,ena24_9654.jpg,ena24,1,True,True,0.8744,0.8921,0.8795,0.7201,0.5741,0.639
val,ena24_9655.jpg,ena24,1,True,True,0.9324,0.9518,0.9341,0.9466,0.9482,0.927
val,ena24_9656.jpg,ena24,1,True,True,0.9318,0.9571,0.9264,0.9365,0.9363,0.9281
val,ena24_9658.jpg,ena24,1,True,True,0.6746,0.8333,0.0424,0.2268,0.2168,0.4087
val,ena24_9659.jpg,ena24,1,True,True,0.9354,0.961,0.9539,0.9549,0.9547,0.9516
val,ena24_9661.jpg,ena24,1,True,True,0.5419,0.7522,0.1898,0.0417,0.3335,0.0728
val,ena24_9662.jpg,ena24,1,True,True,0.9146,0.9557,0.9213,0.9292,0.9147,0.9283
val,ena24_9666.jpg,ena24,1,True,True,0.9639,0.9663,0.9624,0.9563,0.962,0.9617
val,ena24_9667.jpg,ena24,1,True,True,0.9657,0.9569,0.9497,0.9499,0.9589,0.9555
val,ena24_9668.jpg,ena24,1,True,True,0.9606,0.9483,0.952,0.9531,0.9504,0.9575
val,ena24_9669.jpg,ena24,1,True,True,0.9606,0.9582,0.9449,0.9502,0.9573,0.957
val,ena24_9670.jpg,ena24,1,True,True,0.9369,0.9326,0.9499,0.943,0.9472,0.9557
val,ena24_9671.jpg,ena24,1,True,True,0.9178,0.9259,0.9051,0.9185,0.9304,0.9313
val,ena24_9672.jpg,ena24,1,True,True,0.9064,0.9224,0.9199,0.9143,0.9151,0.9131
val,ena24_9673.jpg,ena24,1,True,True,0.862,0.7766,0.7271,0.931,0.8543,0.7133
val,ena24_9674.jpg,ena24,1,True,True,0.9139,0.9168,0.9201,0.923,0.9426,0.9358
val,ena24_9675.jpg,ena24,1,True,True,0.9366,0.9366,0.8966,0.8881,0.9447,0.9139
val,ena24_9676.jpg,ena24,1,True,True,0.7222,0.7734,0.4974,0.8363,0.8989,0.6921
val,inat_101293546_169152786.jpg,inat,1,True,False,0.8729,0.8351,0.6938,0.6756,0.627,0.8074
val,inat_101293546_169152801.jpg,inat,1,True,False,0.9483,0.9503,0.8641,0.8391,0.9153,0.9005
val,inat_102352111_171071810.jpg,inat,1,True,False,0.9708,0.9576,0.9412,0.9262,0.9503,0.9637
val,inat_107670892_181136391.jpg,inat,1,True,False,0.7973,0.9595,0.9395,0.9446,0.9326,0.9577
val,inat_108694340_183055262.jpg,inat,1,True,False,0.9492,0.9522,0.9687,0.9549,0.9393,0.947
val,inat_108751448_183162795.jpg,inat,1,True,False,0.9289,0.9293,0.9296,0.9296,0.9189,0.932
val,inat_108751448_183162806.jpg,inat,1,True,False,0.9415,0.94,0.9378,0.9458,0.9403,0.942
val,inat_108751448_183162812.jpg,inat,1,True,False,0.9454,0.9483,0.9466,0.948,0.9327,0.9467
val,inat_109296502_184185034.jpg,inat,1,True,False,0.1075,0.5163,0.9148,0.8811,0.0789,0.1516
val,inat_109296502_184185045.jpg,inat,1,True,False,0.9676,0.9484,0.9489,0.9372,0.9211,0.947
val,inat_109334179_184255102.jpg,inat,1,True,False,0.7396,0.9465,0.9383,0.805,0.9215,0.9047
val,inat_109334179_184255110.jpg,inat,1,True,False,0.9209,0.9334,0.9157,0.9503,0.9483,0.8961
val,inat_111406007_188064919.jpg,inat,1,True,False,0.96,0.9529,0.9529,0.9513,0.9237,0.9561
val,inat_111974137_189082439.jpg,inat,0,False,False,0.0,0.0,0.0032,0.0,0.0,0.0
val,inat_128546441_218353421.jpg,inat,0,False,False,0.0,0.0,0.0245,0.004,0.0,0.003
val,inat_133281813_227003139.jpg,inat,1,True,False,0.8525,0.7231,0.4632,0.9142,0.9065,0.9197
val,inat_136649140_233244898.jpg,inat,1,True,False,0.4347,0.9625,0.9482,0.3157,0.8501,0.8786
val,inat_139469902_243492616.jpg,inat,1,True,False,0.9426,0.9432,0.9316,0.9477,0.9343,0.9288
val,inat_139469902_243924669.jpg,inat,1,True,False,0.9521,0.9586,0.7603,0.9461,0.9479,0.9417
val,inat_139761947_239109191.jpg,inat,1,True,False,0.8286,0.8781,0.8955,0.8565,0.874,0.833
val,inat_139761947_239109207.jpg,inat,1,True,False,0.7932,0.8821,0.8712,0.866,0.9057,0.9038
val,inat_139971714_239512537.jpg,inat,1,True,False,0.9305,0.9031,0.873,0.9286,0.7757,0.9205
val,inat_142112350_243592605.jpg,inat,1,True,False,0.9506,0.9395,0.9178,0.9099,0.9544,0.9478
val,inat_142112350_243602294.jpg,inat,1,True,False,0.957,0.9519,0.9552,0.9454,0.9563,0.947
val,inat_145193495_249363593.jpg,inat,1,True,False,0.9451,0.9403,0.9279,0.9477,0.9367,0.935
val,inat_145193495_249363606.jpg,inat,1,True,False,0.9206,0.9168,0.9319,0.9389,0.916,0.9469
val,inat_145193495_249363619.jpg,inat,1,True,False,0.9237,0.9412,0.9343,0.9322,0.9257,0.9269
val,inat_145193495_249363638.jpg,inat,1,True,False,0.9,0.9349,0.9235,0.9339,0.9186,0.9338
val,inat_150681077_259868943.jpg,inat,1,True,False,0.2794,0.5569,0.1452,0.0446,0.0,0.0011
val,inat_152899586_264006998.jpg,inat,3,True,False,0.916,0.823,0.928,0.9395,0.9412,0.9366
val,inat_152899586_264007021.jpg,inat,2,True,False,0.8919,0.8467,0.8616,0.9156,0.6898,0.8957
val,inat_161078514_278398046.jpg,inat,1,True,False,0.9383,0.932,0.937,0.9503,0.92,0.9481
val,inat_165618594_286706998.jpg,inat,1,True,False,0.7697,0.004,0.7695,0.2958,0.1921,0.1917
val,inat_167356670_289908582.jpg,inat,1,True,False,0.7787,0.893,0.951,0.9435,0.9488,0.8322
val,inat_167356671_289908593.jpg,inat,1,True,False,0.7329,0.8819,0.8643,0.9248,0.8673,0.9238
val,inat_167356673_289908609.jpg,inat,1,True,False,0.8349,0.6181,0.8776,0.5265,0.925,0.9251
val,inat_168819968_292621393.jpg,inat,1,True,False,0.8551,0.3789,0.6118,0.7978,0.2713,0.805
val,inat_168819970_292621446.jpg,inat,1,True,False,0.9326,0.3448,0.9446,0.9143,0.8993,0.8839
val,inat_168819979_292621563.jpg,inat,1,True,False,0.9665,0.9421,0.9187,0.9186,0.3272,0.4209
val,inat_173133096_300635104.jpg,inat,0,False,False,0.0017,0.0022,0.0253,0.0,0.0,0.0011
val,inat_173133096_300635143.jpg,inat,0,False,False,0.0,0.0,0.0,0.0,0.0,0.0
val,inat_173133096_300635189.jpg,inat,0,False,False,0.0,0.0,0.0055,0.0,0.0014,0.0207
val,inat_173296416_300932597.jpg,inat,1,True,False,0.9228,0.9367,0.9258,0.9427,0.9548,0.9367
val,inat_173296416_300932667.jpg,inat,1,True,False,0.9297,0.9457,0.9295,0.9331,0.9453,0.9308
val,inat_173296416_300932744.jpg,inat,1,True,False,0.9375,0.9399,0.9151,0.9457,0.9411,0.9327
val,inat_180018601_313503187.jpg,inat,0,False,False,0.0027,0.0,0.0039,0.0046,0.0,0.0
val,inat_18304924_27968259.jpg,inat,1,True,False,0.9333,0.9337,0.9163,0.9364,0.9238,0.9401
val,inat_18877345_28925395.jpg,inat,1,True,False,0.9627,0.9456,0.9498,0.9396,0.9233,0.9376
val,inat_189167054_331299048.jpg,inat,1,True,False,0.9681,0.9608,0.9417,0.9267,0.926,0.9472
val,inat_189472885_331930279.jpg,inat,1,True,False,0.8995,0.8622,0.8678,0.8549,0.6704,0.8716
val,inat_190362112_333687325.jpg,inat,1,True,False,0.9543,0.9491,0.9401,0.9595,0.9525,0.9437
val,inat_190412124_333788182_frame_000.jpg,inat,1,True,False,0.0095,0.3503,0.1065,0.0025,0.0,0.0
val,inat_195010630_342953781.jpg,inat,0,False,False,0.0,0.0026,0.0136,0.0078,0.012,0.0
val,inat_195817525_344593084.jpg,inat,1,True,False,0.9391,0.7171,0.9626,0.9487,0.9491,0.9476
val,inat_195817525_344593087.jpg,inat,1,True,False,0.9649,0.9579,0.952,0.9371,0.9377,0.9479
val,inat_196859657_346571726_frame_000.jpg,inat,1,True,False,0.0316,0.7781,0.7436,0.4652,0.5086,0.7325
val,inat_196859657_346571726_frame_009.jpg,inat,1,True,False,0.7006,0.7825,0.8248,0.6578,0.9226,0.9156
val,inat_197071131_347003626.jpg,inat,1,True,False,0.9609,0.9619,0.9418,0.9498,0.9115,0.8209
val,inat_197223589_347309107.jpg,inat,1,True,False,0.9102,0.6915,0.9072,0.7947,0.8823,0.5727
val,inat_197499498_347866473.jpg,inat,1,True,False,0.8301,0.945,0.9272,0.928,0.9358,0.9427
val,inat_197499498_347866482.jpg,inat,1,True,False,0.9326,0.9316,0.9283,0.9287,0.9317,0.9194
val,inat_19947593_30777867.jpg,inat,1,True,False,0.8904,0.9587,0.9034,0.8111,0.6274,0.768
val,inat_199573459_351971525.jpg,inat,1,True,False,0.9383,0.9399,0.9314,0.9244,0.9372,0.9247
val,inat_199573459_351971596.jpg,inat,1,True,False,0.9402,0.9485,0.9365,0.9386,0.9394,0.938
val,inat_202957609_358520878.jpg,inat,1,True,False,0.9649,0.9397,0.9513,0.9519,0.9353,0.9506
val,inat_209137859_370086414.jpg,inat,1,True,False,0.9469,0.9612,0.9404,0.9061,0.931,0.9468
val,inat_212924492_376275897.jpg,inat,1,True,False,0.9139,0.9612,0.9437,0.9404,0.6791,0.9384
val,inat_217136302_384088043.jpg,inat,1,True,False,0.9038,0.1498,0.7523,0.8218,0.885,0.8222
val,inat_225136894_399120893.jpg,inat,1,True,False,0.5697,0.1465,0.6746,0.5292,0.7678,0.5024
val,inat_225244788_399332516.jpg,inat,0,False,False,0.0,0.0019,0.0052,0.0,0.0,0.0
val,inat_235332563_418509011.jpg,inat,1,True,False,0.9651,0.9457,0.959,0.7771,0.2869,0.7361
val,inat_235332563_418509019.jpg,inat,1,True,False,0.9609,0.9503,0.9432,0.9282,0.938,0.6546
val,inat_235332563_418509059.jpg,inat,1,True,False,0.9458,0.9547,0.9475,0.9434,0.9629,0.955
val,inat_244105568_435390292.jpg,inat,1,True,False,0.9283,0.9519,0.8831,0.9219,0.83,0.8984
val,inat_244105568_435390759.jpg,inat,1,True,False,0.9579,0.963,0.9451,0.928,0.9479,0.9396
val,inat_245850593_438783167.jpg,inat,0,False,False,0.0064,0.0,0.0,0.0133,0.0,0.0
val,inat_246681174_440426943.jpg,inat,0,False,False,0.0015,0.0,0.0022,0.0,0.0021,0.001
val,inat_250741797_448395648.jpg,inat,0,False,False,0.0,0.0,0.0,0.0,0.0,0.0
val,inat_250741797_448395665.jpg,inat,0,False,False,0.0,0.0,0.0,0.0,0.0,0.0
val,inat_252952832_452856480.jpg,inat,1,True,False,0.918,0.9334,0.8611,0.7209,0.9391,0.9018
val,inat_255111054_457102130.jpg,inat,1,True,False,0.9524,0.9109,0.9386,0.9427,0.9457,0.949
val,inat_255542757_457966354.jpg,inat,1,True,False,0.9317,0.9341,0.9138,0.9131,0.9292,0.9254
val,inat_258055864_463351279.jpg,inat,1,True,False,0.5022,0.1805,0.2869,0.0514,0.2133,0.1153
val,inat_258055864_463351283.jpg,inat,1,True,False,0.8044,0.8064,0.673,0.5885,0.8601,0.7724
val,inat_258055864_463351285.jpg,inat,1,True,False,0.8208,0.286,0.4932,0.2533,0.3041,0.053
val,inat_258081313_462989325.jpg,inat,1,True,False,0.9697,0.9557,0.9493,0.9318,0.944,0.9485
val,inat_258741220_464302163.jpg,inat,1,True,False,0.0539,0.2469,0.8477,0.4018,0.3103,0.4221
val,inat_264029265_474419386.jpg,inat,2,True,False,0.9186,0.4732,0.3421,0.7427,0.852,0.6861
val,inat_265298117_476508500.jpg,inat,2,True,False,0.9476,0.9519,0.926,0.9343,0.9213,0.9139
val,inat_265301011_476513657.jpg,inat,1,True,False,0.9546,0.9417,0.9083,0.9417,0.844,0.844
val,inat_265795461_477485251.jpg,inat,1,True,False,0.8955,0.4784,0.7265,0.7167,0.9059,0.6734
val,inat_265833436_477561438.jpg,inat,1,True,False,0.9533,0.9108,0.7804,0.7912,0.7086,0.8056
val,inat_268470121_482565329.jpg,inat,1,True,False,0.1142,0.1567,0.119,0.0894,0.063,0.1614
val,inat_268470121_482565513.jpg,inat,1,True,False,0.6536,0.2691,0.5414,0.4277,0.1661,0.3255
val,inat_268470424_482568294.jpg,inat,1,True,False,0.6069,0.0017,0.4284,0.053,0.0885,0.2524
val,inat_268470424_482568306.jpg,inat,1,True,False,0.8999,0.7665,0.9221,0.8964,0.7091,0.8779
val,inat_269793080_485132362.jpg,inat,1,True,False,0.8802,0.9158,0.8856,0.918,0.9147,0.8994
val,inat_272490239_490236512.jpg,inat,1,True,False,0.8541,0.9434,0.9294,0.9562,0.9506,0.9356
val,inat_272590682_490415245.jpg,inat,1,True,False,0.9371,0.9043,0.9202,0.9228,0.5672,0.6532
val,inat_27421724_42666546.jpg,inat,1,True,False,0.9293,0.9267,0.9487,0.9379,0.9402,0.9439
val,inat_275570590_495138658.jpg,inat,0,False,False,0.0,0.0,0.0012,0.0,0.0,0.0
val,inat_275570590_495138789.jpg,inat,0,False,False,0.0417,0.0351,0.1136,0.2112,0.4499,0.3381
val,inat_279694118_502274628.jpg,inat,1,True,False,0.8681,0.8841,0.8966,0.4907,0.6029,0.7453
val,inat_284277908_510877837.jpg,inat,1,True,False,0.8977,0.9136,0.9495,0.9257,0.8059,0.9285
val,inat_285367347_512928443.jpg,inat,1,True,False,0.4888,0.9153,0.641,0.8598,0.7206,0.6172
val,inat_285367347_512930586.jpg,inat,1,True,False,0.9458,0.9478,0.957,0.9572,0.9486,0.9395
val,inat_285368666_512930939.jpg,inat,1,True,False,0.9155,0.9195,0.8913,0.897,0.9152,0.8566
val,inat_285368666_512930982.jpg,inat,1,True,False,0.8739,0.9399,0.8818,0.9211,0.9361,0.8876
val,inat_285946390_514008226.jpg,inat,2,True,False,0.914,0.9344,0.7218,0.9176,0.9118,0.9188
val,inat_291331507_524157785.jpg,inat,1,True,False,0.9503,0.9357,0.8913,0.9253,0.7988,0.9429
val,inat_292182342_525772695.jpg,inat,0,False,False,0.0,0.0,0.045,0.0,0.0,0.0133
val,inat_292182342_525772835.jpg,inat,0,False,False,0.0,0.0,0.0013,0.0,0.0,0.0
val,inat_294224586_529575447.jpg,inat,0,False,False,0.0,0.0,0.0,0.0,0.0,0.0
val,inat_294224586_529575575.jpg,inat,0,False,False,0.0,0.0,0.0102,0.0,0.0,0.0
val,inat_297975893_536680519.jpg,inat,1,True,False,0.9239,0.9226,0.9251,0.938,0.9429,0.9545
val,inat_298209541_537125624.jpg,inat,2,True,False,0.8257,0.8712,0.925,0.8105,0.9091,0.8239
val,inat_300220401_540915631.jpg,inat,1,True,False,0.9268,0.936,0.9331,0.916,0.9393,0.5999
val,inat_300220401_540915658.jpg,inat,1,True,False,0.9267,0.945,0.8917,0.9319,0.9439,0.9279
val,inat_301591929_543472685.jpg,inat,1,True,False,0.9531,0.9446,0.9338,0.9538,0.9371,0.9351
val,inat_304138673_548222120.jpg,inat,1,True,False,0.9439,0.9439,0.958,0.9458,0.503,0.9527
val,inat_305407568_550658102.jpg,inat,1,True,False,0.7875,0.3181,0.6508,0.2347,0.3087,0.7896
val,inat_305919474_551631851.jpg,inat,1,True,False,0.923,0.9343,0.9246,0.9268,0.9291,0.9286
val,inat_306598736_552927137.jpg,inat,1,True,False,0.958,0.9533,0.9119,0.9172,0.9209,0.9326
val,inat_306598736_552927291.jpg,inat,1,True,False,0.081,0.5563,0.9072,0.2387,0.5013,0.755
val,inat_309053072_557645904.jpg,inat,1,True,False,0.9547,0.9254,0.955,0.9296,0.9422,0.9387
val,inat_30975850_48433285.jpg,inat,1,True,False,0.9346,0.9389,0.7893,0.9364,0.9083,0.8174
val,inat_30980969_48441675.jpg,inat,1,True,False,0.8091,0.9489,0.9576,0.9485,0.9421,0.7297
val,inat_310110391_559657685.jpg,inat,3,True,False,0.9347,0.9593,0.9397,0.9311,0.9358,0.9002
val,inat_321953468_582329495.jpg,inat,1,True,False,0.9647,0.5339,0.9504,0.9517,0.9404,0.9537
val,inat_321953468_582329516.jpg,inat,1,True,False,0.9559,0.9434,0.9509,0.944,0.9311,0.9455
val,inat_321953468_582329551.jpg,inat,1,True,False,0.9475,0.9597,0.9383,0.9439,0.9506,0.9457
val,inat_321953468_582329598.jpg,inat,1,True,False,0.9498,0.8886,0.9426,0.9427,0.9396,0.9252
val,inat_321953468_582329643.jpg,inat,1,True,False,0.6478,0.8692,0.8857,0.8808,0.8543,0.872
val,inat_321953468_582329718.jpg,inat,1,True,False,0.96,0.9709,0.9464,0.9518,0.9509,0.951
val,inat_321953468_582329738.jpg,inat,1,True,False,0.9159,0.9371,0.9034,0.8888,0.923,0.9383
val,inat_322044251_582513627.jpg,inat,1,True,False,0.9331,0.8885,0.9438,0.9423,0.837,0.9458
val,inat_324739656_587829642.jpg,inat,1,True,False,0.8805,0.8024,0.9316,0.8785,0.8607,0.6221
val,inat_32890636_51621012.jpg,inat,1,True,False,0.967,0.961,0.9426,0.9539,0.9265,0.928
val,inat_329627214_597547788.jpg,inat,1,True,False,0.0945,0.5878,0.8963,0.8867,0.8799,0.8906
val,inat_329860038_598007322.jpg,inat,1,True,False,0.9049,0.9299,0.9345,0.9471,0.9425,0.9425
val,inat_335428335_609592049.jpg,inat,2,True,False,0.9357,0.8458,0.9481,0.9228,0.9352,0.9239
val,inat_335428335_609592057.jpg,inat,2,True,False,0.8285,0.7451,0.9116,0.946,0.9241,0.9306
val,inat_335428335_609592063.jpg,inat,2,True,False,0.9365,0.8607,0.9381,0.9459,0.9343,0.9107
val,inat_335428335_609592077.jpg,inat,2,True,False,0.9202,0.924,0.9469,0.9618,0.9352,0.946
val,inat_336399806_611299207.jpg,inat,1,True,False,0.6298,0.6858,0.797,0.8407,0.9101,0.8657
val,inat_336399806_611299212.jpg,inat,1,True,False,0.9296,0.9268,0.9011,0.93,0.9084,0.6274
val,inat_337211000_612954229.jpg,inat,1,True,False,0.3322,0.2384,0.1267,0.0308,0.09,0.022
val,inat_337327874_613192552.jpg,inat,0,False,False,0.0,0.0,0.0018,0.0211,0.0,0.0
val,inat_344960842_628587077.jpg,inat,1,True,False,0.906,0.9382,0.9553,0.9203,0.8865,0.9207
val,inat_351516123_641482041.jpg,inat,1,True,False,0.9584,0.9204,0.9035,0.7257,0.9276,0.9378
val,inat_351516141_641482870.jpg,inat,1,True,False,0.926,0.8728,0.9041,0.9131,0.9298,0.9336
val,inat_351516145_641482987.jpg,inat,1,True,False,0.9578,0.9381,0.9268,0.93,0.9117,0.9451
val,inat_351516153_641483284.jpg,inat,1,True,False,0.9291,0.8982,0.9231,0.9268,0.9371,0.9422
val,inat_351516161_641483285.jpg,inat,1,True,False,0.9479,0.9382,0.8896,0.7387,0.8853,0.9141
val,inat_351516174_641483593.jpg,inat,1,True,False,0.9599,0.4227,0.9439,0.9551,0.9465,0.9486
val,inat_351866524_654434663.jpg,inat,1,True,False,0.9471,0.9663,0.9562,0.9577,0.9302,0.9355
val,inat_351866524_654434732.jpg,inat,1,True,False,0.0121,0.0025,0.2691,0.4386,0.0,0.0043
val,inat_351866524_654434761.jpg,inat,1,True,False,0.5326,0.1647,0.3479,0.6898,0.0157,0.2067
val,inat_358811826_654604107.jpg,inat,1,True,False,0.9494,0.9305,0.949,0.9323,0.9334,0.9474
val,inat_35977834_56807271.jpg,inat,1,True,False,0.1052,0.0498,0.3468,0.1886,0.0251,0.0356
val,inat_362589414_661796145.jpg,inat,1,True,False,0.9321,0.9323,0.8752,0.9268,0.8735,0.908
val,inat_362847370_662282417.jpg,inat,1,True,False,0.7153,0.8932,0.5844,0.6569,0.2504,0.2396
val,inat_368161655_682202570.jpg,inat,1,True,False,0.9397,0.9241,0.9188,0.945,0.9382,0.9371
val,inat_371377548_678526437.jpg,inat,1,True,False,0.9111,0.903,0.9107,0.8981,0.9235,0.9195
val,inat_371957478_679641693.jpg,inat,2,True,False,0.8923,0.9263,0.7839,0.9168,0.848,0.6272
val,inat_376144543_687693939.jpg,inat,2,True,False,0.2946,0.906,0.9433,0.9478,0.9351,0.9161
val,inat_380155555_695460971.jpg,inat,1,True,False,0.9269,0.8431,0.9004,0.9203,0.9131,0.9072
val,inat_39303499_62339452.jpg,inat,0,False,False,0.0047,0.0,0.0016,0.0,0.0,0.0034
val,inat_39318254_62362185.jpg,inat,1,True,False,0.957,0.9364,0.9499,0.9362,0.9335,0.6828
val,inat_395847042_725864701.jpg,inat,1,True,False,0.9653,0.9584,0.9561,0.9469,0.9562,0.4828
val,inat_42415620_67345130.jpg,inat,1,True,False,0.9333,0.9217,0.9345,0.9394,0.9421,0.9267
val,inat_46652283_73990424.jpg,inat,1,True,False,0.6106,0.5236,0.2781,0.7307,0.2068,0.5827
val,inat_46684391_74041659.jpg,inat,0,False,False,0.0,0.0,0.0082,0.0,0.0,0.0016
val,inat_46905603_74388301.jpg,inat,1,True,False,0.9385,0.9357,0.8774,0.6098,0.9047,0.9096
val,inat_48660817_77200359.jpg,inat,1,True,False,0.0,0.0071,0.0233,0.0096,0.0,0.0041
val,inat_54075578_86023734.jpg,inat,0,False,False,0.0,0.0,0.0085,0.0,0.0,0.0
val,inat_54081104_86027245.jpg,inat,0,False,False,0.0,0.0,0.0,0.0,0.0,0.0016
val,inat_58358735_93165305.jpg,inat,1,True,False,0.9339,0.7904,0.6642,0.8013,0.6285,0.6746
val,inat_62669810_100450669.jpg,inat,1,True,False,0.9597,0.9589,0.9529,0.9377,0.946,0.9499
val,inat_65759134_105894914.jpg,inat,1,True,True,0.6455,0.2675,0.7557,0.933,0.3582,0.1303
val,inat_66099850_106484602.jpg,inat,1,True,False,0.8088,0.937,0.9226,0.9405,0.9331,0.8993
val,inat_71771197_116903880.jpg,inat,1,True,False,0.165,0.0981,0.796,0.0031,0.1037,0.5274
val,inat_79222935_129740683.jpg,inat,1,True,False,0.925,0.9429,0.8853,0.9056,0.9313,0.8879
val,inat_83581046_137286429.jpg,inat,2,True,False,0.9463,0.9295,0.9262,0.9446,0.936,0.9277
val,inat_8649458_11581021.jpg,inat,2,True,False,0.5963,0.5012,0.8261,0.5171,0.474,0.676
val,inat_8649496_11581072.jpg,inat,1,True,False,0.8943,0.6979,0.9078,0.9168,0.9501,0.9379
val,inat_88943615_146818538.jpg,inat,1,True,False,0.8121,0.8693,0.8359,0.8969,0.8897,0.9091
val,inat_88943616_146818569.jpg,inat,1,True,False,0.9458,0.9536,0.9258,0.9346,0.9414,0.934
val,inat_89412031_147647268.jpg,inat,3,True,False,0.0,0.7699,0.1693,0.0346,0.0491,0.186
val,inat_96432888_160206027.jpg,inat,1,True,False,0.9767,0.9666,0.9613,0.9628,0.9502,0.9603
val,inat_97400266_161976305.jpg,inat,1,True,False,0.8796,0.7751,0.7442,0.9126,0.8028,0.5147
val,inat_98670528_164334614.jpg,inat,1,True,False,0.9384,0.9548,0.9283,0.933,0.9435,0.9452
val,inat_98670528_164334906.jpg,inat,1,True,False,0.8043,0.9113,0.895,0.8866,0.6247,0.7727
val,inatneg_260657729_468138729.jpg,inat,0,False,False,0.0,0.002,0.0029,0.0,0.0,0.0
val,inatneg_268507329_482642099.jpg,inat,0,False,False,0.0,0.0012,0.0242,0.0,0.0949,0.9148
val,inatneg_269634469_484820609.jpg,inat,0,False,False,0.0,0.0,0.0,0.0,0.0,0.0072
val,inatneg_292885436_527110495_frame_007.jpg,inat,0,False,False,0.0,0.0,0.0015,0.0,0.0,0.0
val,inatneg_292886518_527112308_frame_007.jpg,inat,0,False,False,0.0,0.0,0.0,0.0102,0.0,0.0
val,inatneg_295506754_531987764.jpg,inat,0,False,False,0.0014,0.0,0.0,0.0,0.0,0.0
val,inatneg_295665894_532291757.jpg,inat,0,False,False,0.0,0.0,0.0,0.0,0.004,0.0
val,inatneg_295665894_532291798.jpg,inat,0,False,False,0.0,0.0,0.0,0.0,0.0,0.0
val,inatneg_315837197_570592169_frame_006.jpg,inat,0,False,False,0.0,0.0,0.0,0.0,0.0,0.0
val,inatneg_321895069_582211324.jpg,inat,0,False,False,0.0,0.0,0.0011,0.0,0.0,0.0
val,inatneg_326979936_592298213_frame_008.jpg,inat,0,False,True,0.0686,0.0012,0.002,0.0573,0.0232,0.3628
val,inatneg_328521906_595321713_frame_004.jpg,inat,0,False,True,0.0,0.0107,0.0187,0.0102,0.0032,0.0546
val,inatneg_328526684_595331729_frame_004.jpg,inat,0,False,True,0.0,0.0,0.0012,0.0,0.0,0.0
val,inatneg_330467927_599256972_frame_005.jpg,inat,0,False,False,0.0,0.0,0.0,0.0,0.0,0.0
val,inatneg_345028290_628725925.jpg,inat,0,False,False,0.8227,0.8336,0.4305,0.6381,0.9432,0.9291
val,inatneg_345028290_628725976.jpg,inat,0,False,False,0.956,0.9548,0.9348,0.9142,0.9119,0.9327
val,inatneg_345397573_629454019.jpg,inat,0,False,False,0.0,0.0,0.0,0.0,0.0025,0.0
val,inatneg_345457970_629576519.jpg,inat,0,False,False,0.0,0.0,0.0138,0.0669,0.0244,0.6508
val,inatneg_346033559_630701905.jpg,inat,0,False,False,0.0,0.0,0.0,0.0,0.0,0.0
val,inatneg_347450632_633516661.jpg,inat,0,False,False,0.0,0.0,0.0,0.0,0.0,0.0
val,inatneg_347450632_633516664.jpg,inat,0,False,False,0.0,0.0,0.0,0.0,0.0,0.0
val,inatneg_349933582_638412200_frame_004.jpg,inat,0,False,True,0.0032,0.0027,0.0345,0.0137,0.0701,0.0116
val,inatneg_351258264_640971489.jpg,inat,0,False,False,0.0,0.0,0.0016,0.0083,0.0015,0.0182
val,inatneg_358512341_654024251.jpg,inat,0,False,False,0.0,0.0,0.0,0.0145,0.0,0.0
val,inatneg_358808890_654598941.jpg,inat,0,False,False,0.0,0.0019,0.1684,0.0,0.0,0.0
val,inatneg_359713328_656336006.jpg,inat,0,False,False,0.0,0.003,0.2335,0.0022,0.0013,0.2259
val,inatneg_359718467_656345042.jpg,inat,0,False,False,0.0,0.0,0.0116,0.0,0.0,0.0
val,inatneg_360242330_657332406.jpg,inat,0,False,False,0.0,0.0,0.0077,0.0,0.0,0.0
val,inatneg_360310924_657456462.jpg,inat,0,False,False,0.0166,0.6284,0.0739,0.5333,0.0076,0.0
val,inatneg_360452152_657728002.jpg,inat,0,False,False,0.0,0.0028,0.0,0.1959,0.0,0.0
val,inatneg_360471306_657764322.jpg,inat,0,False,False,0.0,0.0,0.0,0.0,0.0,0.0
val,inatneg_360486114_657790586.jpg,inat,0,False,False,0.0057,0.0,0.0083,0.0,0.0,0.0
val,inatneg_363392990_663330829.jpg,inat,0,False,False,0.0,0.0,0.0,0.0,0.0,0.0
val,inatneg_363397903_663338544.jpg,inat,0,False,False,0.8386,0.7573,0.7532,0.8734,0.7064,0.8483
val,inatneg_364054760_664578016.jpg,inat,0,False,False,0.0,0.0,0.0,0.0,0.0,0.0
val,inatneg_364054760_664578883.jpg,inat,0,False,False,0.0,0.0,0.0,0.0,0.0,0.0
val,inatneg_364056275_664580758.jpg,inat,0,False,False,0.0,0.0,0.0,0.0,0.0,0.0
val,inatneg_364056275_664580771.jpg,inat,0,False,False,0.0,0.0,0.0,0.0,0.0,0.0
val,inatneg_365945056_668171281.jpg,inat,0,False,False,0.0,0.0038,0.0119,0.0,0.0,0.0053
val,inatneg_369480308_674905105.jpg,inat,0,False,False,0.0,0.0,0.0,0.0,0.0,0.0
val,inatneg_369920863_675751956_frame_010.jpg,inat,0,False,True,0.0,0.0016,0.0028,0.0031,0.0052,0.0125
val,inatneg_369921676_675753541_frame_006.jpg,inat,0,False,False,0.0026,0.0016,0.0017,0.0,0.1313,0.0
val,inatneg_370365853_676600045.jpg,inat,0,False,False,0.0017,0.0,0.2002,0.0291,0.1244,0.0798
val,inatneg_370481647_676806151.jpg,inat,0,False,False,0.0,0.0,0.0015,0.0,0.0,0.0
val,inatneg_371459636_678685922.jpg,inat,0,False,False,0.0,0.0,0.0118,0.0,0.0,0.0025
val,inatneg_371490572_678746811.jpg,inat,0,False,False,0.0,0.0,0.0,0.0,0.0,0.0
val,inatneg_375562783_686589615.jpg,inat,0,False,False,0.0,0.0,0.0,0.0,0.0,0.0
val,inatneg_375720434_686899679.jpg,inat,0,False,False,0.007,0.0,0.0137,0.0024,0.0937,0.0315
val,inatneg_375885639_687212025.jpg,inat,0,False,False,0.0,0.0,0.0,0.0,0.0,0.0
val,inatneg_376423872_688246367.jpg,inat,0,False,False,0.0,0.0,0.0,0.0,0.0,0.0
val,inatneg_377261345_689862781.jpg,inat,0,False,False,0.0244,0.0261,0.4279,0.0425,0.0192,0.3014
val,inatneg_377835425_690976041.jpg,inat,0,False,False,0.0,0.0,0.0,0.0,0.0,0.0
val,inatneg_377841017_690989343.jpg,inat,0,False,False,0.0,0.011,0.0042,0.0,0.0,0.0
val,inatneg_381238505_697534363.jpg,inat,0,False,False,0.0,0.0,0.002,0.0,0.0,0.0
val,inatneg_382202301_699421975.jpg,inat,0,False,False,0.0,0.0029,0.0021,0.0027,0.0037,0.0
val,inatneg_382202303_699421972.jpg,inat,0,False,True,0.0,0.0,0.0017,0.001,0.0,0.0
val,inatneg_384479595_703804099.jpg,inat,0,False,False,0.0,0.0,0.0489,0.0,0.0014,0.0
val,inatneg_384479597_703804107.jpg,inat,0,False,False,0.0,0.0606,0.0114,0.0,0.0,0.0022
val,inatneg_386272095_707230772.jpg,inat,0,False,True,0.0,0.0,0.0101,0.0107,0.0,0.0
val,inatneg_386272096_707231078.jpg,inat,0,False,True,0.0,0.0732,0.8653,0.2198,0.0457,0.0
val,inatneg_388074874_710703283.jpg,inat,0,False,False,0.0,0.0018,0.0041,0.0,0.0018,0.0
val,inatneg_389496685_713457475.jpg,inat,0,False,False,0.247,0.0038,0.1986,0.0432,0.1595,0.0087
val,inatneg_393747970_721754840.jpg,inat,0,False,False,0.0,0.0,0.0,0.0,0.0,0.0
val,inatneg_393747983_721754919.jpg,inat,0,False,False,0.0,0.0,0.0,0.0,0.0,0.0
val,inatneg_393747983_721754923.jpg,inat,0,False,False,0.0,0.0,0.0,0.0129,0.0,0.0
val,inatneg_397457185_728985459.jpg,inat,0,False,False,0.0052,0.0027,0.5757,0.0,0.0177,0.0478
val,inatneg_398101614_730247354.jpg,inat,0,False,False,0.0063,0.0068,0.2269,0.2365,0.0757,0.0
