run_id,particion,umbral,n_pos,pos_detectadas,recall_imagen,n_neg,neg_con_alarma,falsas_alarmas,ri_ic_inf,ri_ic_sup,fa_ic_inf,fa_ic_sup,P_caja,R_caja,umbral_regla_A,umbral_recall_imagen,umbral_min_falsas,umbral_regla_B,estado
e1_n_deg0_s0,ena24,0.3629,156,149,0.9551282051282052,182,3,0.016483516483516484,0.9102825541627867,0.9780969415379571,0.005621348325738421,0.04733557843339409,0.949685534591195,0.9320987654320988,0.4960387051105499,0.3629,0.0071,0.3629,cumple las dos metas de recall con falsas alarmas < 10 %
e1_n_deg0_s0,inat,0.3629,170,155,0.9117647058823529,90,3,0.03333333333333333,0.859530745194943,0.9458000847099819,0.011400183632439498,0.09347441356112923,0.9244186046511628,0.8412698412698413,0.4960387051105499,0.3629,0.0071,0.3629,cumple las dos metas de recall con falsas alarmas < 10 %
e1_n_deg0_s0,global,0.3629,326,304,0.9325153374233128,272,6,0.022058823529411766,0.899940405551528,0.9550154277939323,0.010147909944334718,0.047282151366214525,0.9365558912386707,0.8831908831908832,0.4960387051105499,0.3629,0.0071,0.3629,cumple las dos metas de recall con falsas alarmas < 10 %
e1_n_deg0_s0,ena24_dia,0.3629,52,47,0.9038461538461539,62,2,0.03225806451612903,0.79390118138839,0.9582262648165898,0.008891184997076397,0.11020677131018222,0.9591836734693877,0.9038461538461539,0.4960387051105499,0.3629,0.0071,0.3629,cumple las dos metas de recall con falsas alarmas < 10 %
e1_n_deg0_s0,ena24_noche,0.3629,104,102,0.9807692307692307,120,1,0.008333333333333333,0.9325755460364407,0.9947103992759434,0.001472517830674952,0.045697415374322405,0.9454545454545454,0.9454545454545454,0.4960387051105499,0.3629,0.0071,0.3629,cumple las dos metas de recall con falsas alarmas < 10 %
e1b_n_deg0_s1,ena24,0.4608,156,149,0.9551282051282052,182,6,0.03296703296703297,0.9102825541627867,0.9780969415379571,0.015194772981161508,0.07004771309300058,0.9192546583850931,0.9135802469135802,0.6108770966529846,0.4608,0.011099999999999999,0.4608,cumple las dos metas de recall con falsas alarmas < 10 %
e1b_n_deg0_s1,inat,0.4608,170,149,0.8764705882352941,90,4,0.044444444444444446,0.818534809056978,0.9177676639989534,0.01741696001324882,0.1087701467709492,0.9444444444444444,0.8095238095238095,0.6108770966529846,0.4608,0.011099999999999999,0.4608,cumple las dos metas de recall con falsas alarmas < 10 %
e1b_n_deg0_s1,global,0.4608,326,298,0.9141104294478528,272,10,0.03676470588235294,0.8786657712585904,0.9399089627955739,0.02009009553815844,0.0663421177320662,0.9318885448916409,0.8575498575498576,0.6108770966529846,0.4608,0.011099999999999999,0.4608,cumple las dos metas de recall con falsas alarmas < 10 %
e1b_n_deg0_s1,ena24_dia,0.4608,52,48,0.9230769230769231,62,4,0.06451612903225806,0.8182618931787533,0.9696811457026542,0.025372494807644003,0.15447732658187266,0.9230769230769231,0.9230769230769231,0.6108770966529846,0.4608,0.011099999999999999,0.4608,cumple las dos metas de recall con falsas alarmas < 10 %
e1b_n_deg0_s1,ena24_noche,0.4608,104,101,0.9711538461538461,120,2,0.016666666666666666,0.9185982306978785,0.9901419957082579,0.004582468541151394,0.058737126812913806,0.9174311926605505,0.9090909090909091,0.6108770966529846,0.4608,0.011099999999999999,0.4608,cumple las dos metas de recall con falsas alarmas < 10 %
e3_s_deg0_s0,ena24,0.4037,156,149,0.9551282051282052,182,9,0.04945054945054945,0.9102825541627867,0.9780969415379571,0.02623092582262255,0.09129711956656911,0.8928571428571429,0.9259259259259259,0.4520594179630279,0.4037,0.20029999999999998,0.4037,cumple las dos metas de recall con falsas alarmas < 10 %
e3_s_deg0_s0,inat,0.4037,170,158,0.9294117647058824,90,6,0.06666666666666667,0.8806820219552925,0.9591629863741292,0.030909506550389258,0.1379026194150674,0.8858695652173914,0.8624338624338624,0.4520594179630279,0.4037,0.20029999999999998,0.4037,cumple las dos metas de recall con falsas alarmas < 10 %
e3_s_deg0_s0,global,0.4037,326,307,0.941717791411043,272,15,0.05514705882352941,0.9107719077573226,0.9623744752337859,0.033700951437670046,0.08898395178214885,0.8892045454545454,0.8917378917378918,0.4520594179630279,0.4037,0.20029999999999998,0.4037,cumple las dos metas de recall con falsas alarmas < 10 %
e3_s_deg0_s0,ena24_dia,0.4037,52,49,0.9423076923076923,62,6,0.0967741935483871,0.8435724442484082,0.9801861873094267,0.0451112577973332,0.1954904286744415,0.8909090909090909,0.9423076923076923,0.4520594179630279,0.4037,0.20029999999999998,0.4037,cumple las dos metas de recall con falsas alarmas < 10 %
e3_s_deg0_s0,ena24_noche,0.4037,104,100,0.9615384615384616,120,3,0.025,0.9052510772234701,0.9849434302764186,0.00853802009878548,0.07093123740434756,0.8938053097345132,0.9181818181818182,0.4520594179630279,0.4037,0.20029999999999998,0.4037,cumple las dos metas de recall con falsas alarmas < 10 %
e3b_s_deg0_s1,ena24,0.4305,156,149,0.9551282051282052,182,4,0.02197802197802198,0.9102825541627867,0.9780969415379571,0.008579092710784313,0.055139687153358055,0.9622641509433962,0.9444444444444444,0.7557170987129211,0.4305,0.067,0.4305,cumple las dos metas de recall con falsas alarmas < 10 %
e3b_s_deg0_s1,inat,0.4305,170,153,0.9,90,4,0.044444444444444446,0.8456966542360402,0.9366247233858869,0.01741696001324882,0.1087701467709492,0.9244186046511628,0.8412698412698413,0.7557170987129211,0.4305,0.067,0.4305,cumple las dos metas de recall con falsas alarmas < 10 %
e3b_s_deg0_s1,global,0.4305,326,302,0.9263803680981595,272,8,0.029411764705882353,0.8927967441785364,0.9500320560698253,0.014977056106904679,0.05695408118348226,0.9425981873111783,0.8888888888888888,0.7557170987129211,0.4305,0.067,0.4305,cumple las dos metas de recall con falsas alarmas < 10 %
e3b_s_deg0_s1,ena24_dia,0.4305,52,47,0.9038461538461539,62,3,0.04838709677419355,0.79390118138839,0.9582262648165898,0.016591385000846108,0.13288250384754152,0.94,0.9038461538461539,0.7557170987129211,0.4305,0.067,0.4305,cumple las dos metas de recall con falsas alarmas < 10 %
e3b_s_deg0_s1,ena24_noche,0.4305,104,102,0.9807692307692307,120,1,0.008333333333333333,0.9325755460364407,0.9947103992759434,0.001472517830674952,0.045697415374322405,0.9724770642201835,0.9636363636363636,0.7557170987129211,0.4305,0.067,0.4305,cumple las dos metas de recall con falsas alarmas < 10 %
e4_m_deg0_s0,ena24,0.2559,156,149,0.9551282051282052,182,4,0.02197802197802198,0.9102825541627867,0.9780969415379571,0.008579092710784313,0.055139687153358055,0.8988095238095238,0.9320987654320988,0.4978684186935425,0.2559,0.09380000000000001,0.2559,cumple las dos metas de recall con falsas alarmas < 10 %
e4_m_deg0_s0,inat,0.2559,170,153,0.9,90,4,0.044444444444444446,0.8456966542360402,0.9366247233858869,0.01741696001324882,0.1087701467709492,0.9314285714285714,0.8624338624338624,0.4978684186935425,0.2559,0.09380000000000001,0.2559,cumple las dos metas de recall con falsas alarmas < 10 %
e4_m_deg0_s0,global,0.2559,326,302,0.9263803680981595,272,8,0.029411764705882353,0.8927967441785364,0.9500320560698253,0.014977056106904679,0.05695408118348226,0.9154518950437318,0.8945868945868946,0.4978684186935425,0.2559,0.09380000000000001,0.2559,cumple las dos metas de recall con falsas alarmas < 10 %
e4_m_deg0_s0,ena24_dia,0.2559,52,46,0.8846153846153846,62,3,0.04838709677419355,0.7702808110893793,0.9460310424391727,0.016591385000846108,0.13288250384754152,0.92,0.8846153846153846,0.4978684186935425,0.2559,0.09380000000000001,0.2559,cumple las dos metas de recall con falsas alarmas < 10 %
e4_m_deg0_s0,ena24_noche,0.2559,104,103,0.9903846153846154,120,1,0.008333333333333333,0.9475309933230526,0.998300670895579,0.001472517830674952,0.045697415374322405,0.8898305084745762,0.9545454545454546,0.4978684186935425,0.2559,0.09380000000000001,0.2559,cumple las dos metas de recall con falsas alarmas < 10 %
e4b_m_deg0_s1,ena24,0.5009,156,149,0.9551282051282052,182,2,0.01098901098901099,0.9102825541627867,0.9780969415379571,0.0030187111424065383,0.03917636251171611,0.9433962264150944,0.9259259259259259,0.67861008644104,0.5009,0.22599999999999998,0.5009,cumple las dos metas de recall con falsas alarmas < 10 %
e4b_m_deg0_s1,inat,0.5009,170,150,0.8823529411764706,90,5,0.05555555555555555,0.8252689384712235,0.9225382607262067,0.023960618284343184,0.12353899809048416,0.9235294117647059,0.8306878306878307,0.67861008644104,0.5009,0.22599999999999998,0.5009,cumple las dos metas de recall con falsas alarmas < 10 %
e4b_m_deg0_s1,global,0.5009,326,299,0.9171779141104295,272,7,0.025735294117647058,0.8821806267516192,0.9424576238510944,0.012520778097460494,0.05215982120300759,0.9331306990881459,0.8746438746438746,0.67861008644104,0.5009,0.22599999999999998,0.5009,cumple las dos metas de recall con falsas alarmas < 10 %
e4b_m_deg0_s1,ena24_dia,0.5009,52,49,0.9423076923076923,62,0,0.0,0.8435724442484082,0.9801861873094267,0.0,0.05834609122500061,1.0,0.9423076923076923,0.67861008644104,0.5009,0.22599999999999998,0.5009,cumple las dos metas de recall con falsas alarmas < 10 %
e4b_m_deg0_s1,ena24_noche,0.5009,104,100,0.9615384615384616,120,2,0.016666666666666666,0.9052510772234701,0.9849434302764186,0.004582468541151394,0.058737126812913806,0.9181818181818182,0.9181818181818182,0.67861008644104,0.5009,0.22599999999999998,0.5009,cumple las dos metas de recall con falsas alarmas < 10 %
