conjunto,particion,umbral,n_cajas,n_detecciones,aciertos,P_caja,R_caja,F1_caja,n_pos,pos_detectadas,recall_imagen,ri_ic_inf,ri_ic_sup,n_neg,neg_con_alarma,falsas_alarmas,fa_ic_inf,fa_ic_sup,ap50,run_id,tamano,semilla,umbral_sobre
val,global,0.4960387051105499,351,319,303,0.9498432601880877,0.8632478632478633,0.9044776119402985,326,297,0.911042944785276,0.8751619030804596,0.9373493144251552,272,6,0.022058823529411766,0.010147909944334718,0.047282151366214525,0.9260026677470196,e1_n_deg0_s0,nano,0,ena24
val,ena24,0.4960387051105499,162,151,146,0.9668874172185431,0.9012345679012346,0.9329073482428115,156,144,0.9230769230769231,0.870365476023326,0.9554520833604639,182,3,0.016483516483516484,0.005621348325738421,0.04733557843339409,0.9603340433726684,e1_n_deg0_s0,nano,0,ena24
val,inat,0.4960387051105499,189,168,157,0.9345238095238095,0.8306878306878307,0.8795518207282913,170,153,0.9,0.8456966542360402,0.9366247233858869,90,3,0.03333333333333333,0.011400183632439498,0.09347441356112923,0.8923537810374983,e1_n_deg0_s0,nano,0,ena24
val,ena24_dia,0.4960387051105499,52,45,43,0.9555555555555556,0.8269230769230769,0.88659793814433,52,43,0.8269230769230769,0.7026887630639471,0.9061763124353222,62,2,0.03225806451612903,0.008891184997076397,0.11020677131018222,0.9579159212880142,e1_n_deg0_s0,nano,0,ena24
val,ena24_noche,0.4960387051105499,110,106,103,0.9716981132075472,0.9363636363636364,0.9537037037037037,104,101,0.9711538461538461,0.9185982306978785,0.9901419957082579,120,1,0.008333333333333333,0.001472517830674952,0.045697415374322405,0.9701350950783713,e1_n_deg0_s0,nano,0,ena24
val,global,0.6108770966529846,351,305,289,0.9475409836065574,0.8233618233618234,0.8810975609756098,326,287,0.8803680981595092,0.840635503895238,0.9112405481248833,272,9,0.03308823529411765,0.017503496390881498,0.061678178889424284,0.921990743233622,e1b_n_deg0_s1,nano,1,ena24
val,ena24,0.6108770966529846,162,157,146,0.9299363057324841,0.9012345679012346,0.9153605015673981,156,147,0.9423076923076923,0.8940001151393694,0.9693546060345927,182,5,0.027472527472527472,0.01179030844597875,0.06269032452317347,0.9336891387700115,e1b_n_deg0_s1,nano,1,ena24
val,inat,0.6108770966529846,189,148,143,0.9662162162162162,0.7566137566137566,0.8486646884272997,170,140,0.8235294117647058,0.7592605415547623,0.8734993962276786,90,4,0.044444444444444446,0.01741696001324882,0.1087701467709492,0.9122042287568768,e1b_n_deg0_s1,nano,1,ena24
val,ena24_dia,0.6108770966529846,52,51,47,0.9215686274509803,0.9038461538461539,0.9126213592233009,52,47,0.9038461538461539,0.79390118138839,0.9582262648165898,62,4,0.06451612903225806,0.025372494807644003,0.15447732658187266,0.9312691939639309,e1b_n_deg0_s1,nano,1,ena24
val,ena24_noche,0.6108770966529846,110,106,99,0.9339622641509434,0.9,0.9166666666666666,104,100,0.9615384615384616,0.9052510772234701,0.9849434302764186,120,1,0.008333333333333333,0.001472517830674952,0.045697415374322405,0.9402649220718562,e1b_n_deg0_s1,nano,1,ena24
val,global,0.45205941796302795,351,342,307,0.8976608187134503,0.8746438746438746,0.8860028860028859,326,302,0.9263803680981595,0.8927967441785364,0.9500320560698253,272,12,0.04411764705882353,0.025414256244794896,0.07551903300526747,0.9281772813989313,e3_s_deg0_s0,small,0,ena24
val,ena24,0.45205941796302795,162,163,146,0.8957055214723927,0.9012345679012346,0.8984615384615384,156,145,0.9294871794871795,0.8781559366038769,0.9601740100433038,182,8,0.04395604395604396,0.022438613577560693,0.08432757870662112,0.9450863319177609,e3_s_deg0_s0,small,0,ena24
val,inat,0.45205941796302795,189,179,161,0.8994413407821229,0.8518518518518519,0.875,170,157,0.9235294117647059,0.8735716307899002,0.9547686513980227,90,4,0.044444444444444446,0.01741696001324882,0.1087701467709492,0.9088175594834351,e3_s_deg0_s0,small,0,ena24
val,ena24_dia,0.45205941796302795,52,53,47,0.8867924528301887,0.9038461538461539,0.8952380952380953,52,47,0.9038461538461539,0.79390118138839,0.9582262648165898,62,6,0.0967741935483871,0.0451112577973332,0.1954904286744415,0.9608618022328549,e3_s_deg0_s0,small,0,ena24
val,ena24_noche,0.45205941796302795,110,110,99,0.9,0.9,0.9,104,98,0.9423076923076923,0.879809251317174,0.9732938183702193,120,2,0.016666666666666666,0.004582468541151394,0.058737126812913806,0.9453825048933212,e3_s_deg0_s0,small,0,ena24
val,global,0.7557170987129211,351,297,289,0.9730639730639731,0.8233618233618234,0.8919753086419754,326,277,0.8496932515337423,0.8068382972690895,0.884402589265538,272,6,0.022058823529411766,0.010147909944334718,0.047282151366214525,0.9397876329841826,e3b_s_deg0_s1,small,1,ena24
val,ena24,0.7557170987129211,162,151,146,0.9668874172185431,0.9012345679012346,0.9329073482428115,156,142,0.9102564102564102,0.8550033004837387,0.9457894843732695,182,4,0.02197802197802198,0.008579092710784313,0.055139687153358055,0.9647383563440024,e3b_s_deg0_s1,small,1,ena24
val,inat,0.7557170987129211,189,146,143,0.9794520547945206,0.7566137566137566,0.853731343283582,170,135,0.7941176470588235,0.7271599269044645,0.8480763801704817,90,2,0.022222222222222223,0.006115313794863603,0.07744677380807581,0.9196052726060938,e3b_s_deg0_s1,small,1,ena24
val,ena24_dia,0.7557170987129211,52,48,45,0.9375,0.8653846153846154,0.9,52,45,0.8653846153846154,0.7472642307950509,0.9332320300570737,62,3,0.04838709677419355,0.016591385000846108,0.13288250384754152,0.9437123469283931,e3b_s_deg0_s1,small,1,ena24
val,ena24_noche,0.7557170987129211,110,103,101,0.9805825242718447,0.9181818181818182,0.9483568075117371,104,97,0.9326923076923077,0.8675406200510758,0.9670167307300699,120,1,0.008333333333333333,0.001472517830674952,0.045697415374322405,0.9781640496011492,e3b_s_deg0_s1,small,1,ena24
val,global,0.4978684186935425,351,314,300,0.9554140127388535,0.8547008547008547,0.9022556390977444,326,289,0.8865030674846626,0.8474745794573572,0.9165285056598628,272,5,0.01838235294117647,0.007876648365179397,0.042302874955451,0.9316254912233113,e4_m_deg0_s0,medium,0,ena24
val,ena24,0.4978684186935425,162,154,146,0.948051948051948,0.9012345679012346,0.9240506329113924,156,144,0.9230769230769231,0.870365476023326,0.9554520833604639,182,2,0.01098901098901099,0.0030187111424065383,0.03917636251171611,0.9549201713261173,e4_m_deg0_s0,medium,0,ena24
val,inat,0.4978684186935425,189,160,154,0.9625,0.8148148148148148,0.8825214899713467,170,145,0.8529411764705882,0.7919189193805993,0.8983646491093362,90,3,0.03333333333333333,0.011400183632439498,0.09347441356112923,0.9113334969869872,e4_m_deg0_s0,medium,0,ena24
val,ena24_dia,0.4978684186935425,52,44,43,0.9772727272727273,0.8269230769230769,0.8958333333333334,52,43,0.8269230769230769,0.7026887630639471,0.9061763124353222,62,1,0.016129032258064516,0.0028527936922403963,0.08586923007388922,0.9473456631198589,e4_m_deg0_s0,medium,0,ena24
val,ena24_noche,0.4978684186935425,110,110,103,0.9363636363636364,0.9363636363636364,0.9363636363636364,104,101,0.9711538461538461,0.9185982306978785,0.9901419957082579,120,1,0.008333333333333333,0.001472517830674952,0.045697415374322405,0.9617454970829118,e4_m_deg0_s0,medium,0,ena24
val,global,0.67861008644104,351,301,288,0.9568106312292359,0.8205128205128205,0.8834355828220859,326,280,0.8588957055214724,0.8169136890004209,0.8925177471798549,272,6,0.022058823529411766,0.010147909944334718,0.047282151366214525,0.9334004157626362,e4b_m_deg0_s1,medium,1,ena24
val,ena24,0.67861008644104,162,153,146,0.954248366013072,0.9012345679012346,0.9269841269841269,156,145,0.9294871794871795,0.8781559366038769,0.9601740100433038,182,2,0.01098901098901099,0.0030187111424065383,0.03917636251171611,0.9638709913494854,e4b_m_deg0_s1,medium,1,ena24
val,inat,0.67861008644104,189,148,142,0.9594594594594594,0.7513227513227513,0.8427299703264094,170,135,0.7941176470588235,0.7271599269044645,0.8480763801704817,90,4,0.044444444444444446,0.01741696001324882,0.1087701467709492,0.9073109756758122,e4b_m_deg0_s1,medium,1,ena24
val,ena24_dia,0.67861008644104,52,48,48,1.0,0.9230769230769231,0.9600000000000001,52,48,0.9230769230769231,0.8182618931787533,0.9696811457026542,62,0,0.0,0.0,0.05834609122500061,0.9876240944915344,e4b_m_deg0_s1,medium,1,ena24
val,ena24_noche,0.67861008644104,110,105,98,0.9333333333333333,0.8909090909090909,0.9116279069767442,104,97,0.9326923076923077,0.8675406200510758,0.9670167307300699,120,2,0.016666666666666666,0.004582468541151394,0.058737126812913806,0.9563547876802988,e4b_m_deg0_s1,medium,1,ena24
