phash,fuente,archivo,n_en_grupo
802bfb9665cb1ea4,ena24,3413.jpg,3
802bfb9665cb1ea4,ena24,3414.jpg,3
802bfb9665cb1ea4,ena24,3416.jpg,3
806ffd882fe05e83,ena24,3383.jpg,2
806ffd882fe05e83,ena24,3385.jpg,2
807fe1c69a37c04f,ena24,7685.jpg,2
807fe1c69a37c04f,ena24,7687.jpg,2
80ff0fc8566c6b0e,ena24,8811.jpg,2
80ff0fc8566c6b0e,ena24,8812.jpg,2
8177f44ba855b30b,ena24,7473.jpg,2
8177f44ba855b30b,ena24,7474.jpg,2
817b20f6866f38f2,ena24,4592.jpg,4
817b20f6866f38f2,ena24,4594.jpg,4
817b20f6866f38f2,ena24,4595.jpg,4
817b20f6866f38f2,ena24,4596.jpg,4
817b22f5943e3963,ena24,4567.jpg,3
817b22f5943e3963,ena24,4569.jpg,3
817b22f5943e3963,ena24,4570.jpg,3
817fb084ef27b816,ena24,7285.jpg,2
817fb084ef27b816,ena24,7330.jpg,2
8181627b5b256d9f,ena24,101.jpg,6
8181627b5b256d9f,ena24,102.jpg,6
8181627b5b256d9f,ena24,128.jpg,6
8181627b5b256d9f,ena24,131.jpg,6
8181627b5b256d9f,ena24,132.jpg,6
8181627b5b256d9f,ena24,133.jpg,6
8181b074f575d87e,ena24,7965.jpg,2
8181b074f575d87e,ena24,7967.jpg,2
81a92aaaf56623d7,ena24,686.jpg,6
81a92aaaf56623d7,ena24,687.jpg,6
81a92aaaf56623d7,ena24,688.jpg,6
81a92aaaf56623d7,ena24,689.jpg,6
81a92aaaf56623d7,ena24,690.jpg,6
81a92aaaf56623d7,ena24,691.jpg,6
81c9df7e7c4a6242,ena24,3312.jpg,2
81c9df7e7c4a6242,ena24,3313.jpg,2
81f5d16f896aa872,ena24,3142.jpg,3
81f5d16f896aa872,ena24,3143.jpg,3
81f5d16f896aa872,ena24,3144.jpg,3
82555daa76a955aa,ena24,6918.jpg,2
82555daa76a955aa,ena24,6919.jpg,2
82556daa75c86daa,ena24,6915.jpg,2
82556daa75c86daa,ena24,6917.jpg,2
8282257d7d5b566c,ena24,494.jpg,3
8282257d7d5b566c,ena24,495.jpg,3
8282257d7d5b566c,ena24,496.jpg,3
8282257d7d5b5e4c,ena24,493.jpg,3
8282257d7d5b5e4c,ena24,497.jpg,3
8282257d7d5b5e4c,ena24,498.jpg,3
82829295d55d7d6d,ena24,437.jpg,7
82829295d55d7d6d,ena24,438.jpg,7
82829295d55d7d6d,ena24,439.jpg,7
82829295d55d7d6d,ena24,440.jpg,7
82829295d55d7d6d,ena24,441.jpg,7
82829295d55d7d6d,ena24,442.jpg,7
82829295d55d7d6d,ena24,443.jpg,7
8282d294557d7d6d,ena24,415.jpg,3
8282d294557d7d6d,ena24,416.jpg,3
8282d294557d7d6d,ena24,417.jpg,3
8282d29555797d6d,ena24,410.jpg,2
8282d29555797d6d,ena24,426.jpg,2
8282d394557d6d6d,ena24,412.jpg,3
8282d394557d6d6d,ena24,413.jpg,3
8282d394557d6d6d,ena24,414.jpg,3
8282d3d565783d6d,ena24,449.jpg,3
8282d3d565783d6d,ena24,450.jpg,3
8282d3d565783d6d,ena24,453.jpg,3
8282d7d565383d6d,ena24,451.jpg,2
8282d7d565383d6d,ena24,452.jpg,2
828391c5577c653f,ena24,387.jpg,2
828391c5577c653f,ena24,389.jpg,2
829391c5576c653f,ena24,400.jpg,3
829391c5576c653f,ena24,401.jpg,3
829391c5576c653f,ena24,402.jpg,3
832de19c6bc47fc0,ena24,3484.jpg,2
832de19c6bc47fc0,ena24,3487.jpg,2
832fe19c6bc47bc0,ena24,3483.jpg,2
832fe19c6bc47bc0,ena24,3485.jpg,2
8363f0b43c7ed286,ena24,9026.jpg,2
8363f0b43c7ed286,ena24,9030.jpg,2
836e9626c92eb15e,ena24,7554.jpg,2
836e9626c92eb15e,ena24,7555.jpg,2
839291c5577c653e,ena24,392.jpg,2
839291c5577c653e,ena24,398.jpg,2
84205ede6ee81bf4,ena24,1232.jpg,2
84205ede6ee81bf4,ena24,1233.jpg,2
8468e8a663897fe6,ena24,8880.jpg,4
8468e8a663897fe6,ena24,8881.jpg,4
8468e8a663897fe6,ena24,8883.jpg,4
8468e8a663897fe6,ena24,8884.jpg,4
84840e9b7a6a7da7,ena24,7374.jpg,2
84840e9b7a6a7da7,ena24,7375.jpg,2
84ab4ec47d467e2a,ena24,3434.jpg,3
84ab4ec47d467e2a,ena24,3435.jpg,3
84ab4ec47d467e2a,ena24,3436.jpg,3
8520de9e6ee03de4,ena24,1224.jpg,2
8520de9e6ee03de4,ena24,1225.jpg,2
8521628a6fae67da,ena24,3766.jpg,3
8521628a6fae67da,ena24,3769.jpg,3
8521628a6fae67da,ena24,3770.jpg,3
8521628b6fa967da,ena24,3759.jpg,2
8521628b6fa967da,ena24,3761.jpg,2
8521628b6fae67ca,ena24,3768.jpg,3
8521628b6fae67ca,ena24,3771.jpg,3
8521628b6fae67ca,ena24,3772.jpg,3
8521628b7fa86dda,ena24,3748.jpg,4
8521628b7fa86dda,ena24,3749.jpg,4
8521628b7fa86dda,ena24,3750.jpg,4
8521628b7fa86dda,ena24,3753.jpg,4
8521628b7fa965da,ena24,3756.jpg,3
8521628b7fa965da,ena24,3757.jpg,3
8521628b7fa965da,ena24,3758.jpg,3
8521628b7fa96dca,ena24,3755.jpg,2
8521628b7fa96dca,ena24,3778.jpg,2
8521628b7fab65ca,ena24,3777.jpg,2
8521628b7fab65ca,ena24,3780.jpg,2
852eb4c27ae86eca,ena24,4466.jpg,4
852eb4c27ae86eca,ena24,4472.jpg,4
852eb4c27ae86eca,ena24,4473.jpg,4
852eb4c27ae86eca,ena24,4474.jpg,4
852eb4c27ae86fc8,ena24,4468.jpg,2
852eb4c27ae86fc8,ena24,4469.jpg,2
852ff2c26a35b545,ena24,4687.jpg,2
852ff2c26a35b545,ena24,4688.jpg,2
852ff2c26b359545,ena24,4690.jpg,2
852ff2c26b359545,ena24,4747.jpg,2
853ef2c229159f4e,ena24,4379.jpg,2
853ef2c229159f4e,ena24,4381.jpg,2
85669b625bac6e98,ena24,969.jpg,2
85669b625bac6e98,ena24,970.jpg,2
8567996259ae6798,ena24,945.jpg,2
8567996259ae6798,ena24,946.jpg,2
856ad2856bd2ada9,ena24,3301.jpg,4
856ad2856bd2ada9,ena24,3302.jpg,4
856ad2856bd2ada9,ena24,3303.jpg,4
856ad2856bd2ada9,ena24,3304.jpg,4
856f8b18b4558b76,ena24,7186.jpg,2
856f8b18b4558b76,ena24,7196.jpg,2
856fff9a368262c0,ena24,5726.jpg,3
856fff9a368262c0,ena24,5737.jpg,3
856fff9a368262c0,ena24,5757.jpg,3
856fff9a3e8062c0,ena24,5711.jpg,55
856fff9a3e8062c0,ena24,5712.jpg,55
856fff9a3e8062c0,ena24,5716.jpg,55
856fff9a3e8062c0,ena24,5717.jpg,55
856fff9a3e8062c0,ena24,5718.jpg,55
856fff9a3e8062c0,ena24,5719.jpg,55
856fff9a3e8062c0,ena24,5720.jpg,55
856fff9a3e8062c0,ena24,5721.jpg,55
856fff9a3e8062c0,ena24,5722.jpg,55
856fff9a3e8062c0,ena24,5723.jpg,55
856fff9a3e8062c0,ena24,5724.jpg,55
856fff9a3e8062c0,ena24,5725.jpg,55
856fff9a3e8062c0,ena24,5727.jpg,55
856fff9a3e8062c0,ena24,5728.jpg,55
856fff9a3e8062c0,ena24,5729.jpg,55
856fff9a3e8062c0,ena24,5730.jpg,55
856fff9a3e8062c0,ena24,5731.jpg,55
856fff9a3e8062c0,ena24,5732.jpg,55
856fff9a3e8062c0,ena24,5733.jpg,55
856fff9a3e8062c0,ena24,5734.jpg,55
856fff9a3e8062c0,ena24,5735.jpg,55
856fff9a3e8062c0,ena24,5736.jpg,55
856fff9a3e8062c0,ena24,5738.jpg,55
856fff9a3e8062c0,ena24,5739.jpg,55
856fff9a3e8062c0,ena24,5740.jpg,55
856fff9a3e8062c0,ena24,5741.jpg,55
856fff9a3e8062c0,ena24,5742.jpg,55
856fff9a3e8062c0,ena24,5743.jpg,55
856fff9a3e8062c0,ena24,5744.jpg,55
856fff9a3e8062c0,ena24,5745.jpg,55
856fff9a3e8062c0,ena24,5746.jpg,55
856fff9a3e8062c0,ena24,5747.jpg,55
856fff9a3e8062c0,ena24,5748.jpg,55
856fff9a3e8062c0,ena24,5749.jpg,55
856fff9a3e8062c0,ena24,5750.jpg,55
856fff9a3e8062c0,ena24,5751.jpg,55
856fff9a3e8062c0,ena24,5752.jpg,55
856fff9a3e8062c0,ena24,5753.jpg,55
856fff9a3e8062c0,ena24,5754.jpg,55
856fff9a3e8062c0,ena24,5755.jpg,55
856fff9a3e8062c0,ena24,5756.jpg,55
856fff9a3e8062c0,ena24,5758.jpg,55
856fff9a3e8062c0,ena24,5759.jpg,55
856fff9a3e8062c0,ena24,5760.jpg,55
856fff9a3e8062c0,ena24,5761.jpg,55
856fff9a3e8062c0,ena24,5762.jpg,55
856fff9a3e8062c0,ena24,5763.jpg,55
856fff9a3e8062c0,ena24,5764.jpg,55
856fff9a3e8062c0,ena24,5765.jpg,55
856fff9a3e8062c0,ena24,5766.jpg,55
856fff9a3e8062c0,ena24,5767.jpg,55
856fff9a3e8062c0,ena24,5768.jpg,55
856fff9a3e8062c0,ena24,5769.jpg,55
856fff9a3e8062c0,ena24,5770.jpg,55
856fff9a3e8062c0,ena24,5771.jpg,55
856fff9a3ec042c0,ena24,5785.jpg,15
856fff9a3ec042c0,ena24,5786.jpg,15
856fff9a3ec042c0,ena24,5790.jpg,15
856fff9a3ec042c0,ena24,5792.jpg,15
856fff9a3ec042c0,ena24,5793.jpg,15
856fff9a3ec042c0,ena24,5794.jpg,15
856fff9a3ec042c0,ena24,5795.jpg,15
856fff9a3ec042c0,ena24,5796.jpg,15
856fff9a3ec042c0,ena24,5797.jpg,15
856fff9a3ec042c0,ena24,5798.jpg,15
856fff9a3ec042c0,ena24,5799.jpg,15
856fff9a3ec042c0,ena24,5800.jpg,15
856fff9a3ec042c0,ena24,5801.jpg,15
856fff9a3ec042c0,ena24,5802.jpg,15
856fff9a3ec042c0,ena24,5803.jpg,15
856fff9a3ec240c0,ena24,5787.jpg,3
856fff9a3ec240c0,ena24,5789.jpg,3
856fff9a3ec240c0,ena24,5791.jpg,3
857ba2d16a27945b,ena24,709.jpg,2
857ba2d16a27945b,ena24,710.jpg,2
857ba3d36a25905b,ena24,707.jpg,2
857ba3d36a25905b,ena24,708.jpg,2
8594dbe8f5d86223,ena24,6129.jpg,2
8594dbe8f5d86223,ena24,6131.jpg,2
85af4fc745007ee8,ena24,7857.jpg,2
85af4fc745007ee8,ena24,7859.jpg,2
8663398a66b51aed,ena24,9070.jpg,2
8663398a66b51aed,ena24,9071.jpg,2
86706bc771ce3709,ena24,5379.jpg,3
86706bc771ce3709,ena24,5381.jpg,3
86706bc771ce3709,ena24,5382.jpg,3
867d61cd658c71aa,ena24,779.jpg,2
867d61cd658c71aa,ena24,781.jpg,2
867d61cd658e70aa,ena24,776.jpg,4
867d61cd658e70aa,ena24,777.jpg,4
867d61cd658e70aa,ena24,778.jpg,4
867d61cd658e70aa,ena24,780.jpg,4
86e0c6f35c5c7b48,ena24,5296.jpg,3
86e0c6f35c5c7b48,ena24,5300.jpg,3
86e0c6f35c5c7b48,ena24,5301.jpg,3
86f85e47790e3781,ena24,5327.jpg,2
86f85e47790e3781,ena24,5328.jpg,2
8761d826699e7f88,ena24,3918.jpg,2
8761d826699e7f88,ena24,3920.jpg,2
876fb89867c65c90,ena24,5775.jpg,6
876fb89867c65c90,ena24,5776.jpg,6
876fb89867c65c90,ena24,5777.jpg,6
876fb89867c65c90,ena24,5778.jpg,6
876fb89867c65c90,ena24,5779.jpg,6
876fb89867c65c90,ena24,5781.jpg,6
8778474778ac7389,ena24,5303.jpg,3
8778474778ac7389,ena24,5304.jpg,3
8778474778ac7389,ena24,5305.jpg,3
87e41c83db857c27,inaturalist,inat_116757332_197115720.jpg,2
87e41c83db857c27,inaturalist,inat_116757332_197115733.jpg,2
883855a769d56aba,ena24,662.jpg,4
883855a769d56aba,ena24,663.jpg,4
883855a769d56aba,ena24,664.jpg,4
883855a769d56aba,ena24,665.jpg,4
886b358a63b54aed,ena24,9076.jpg,2
886b358a63b54aed,ena24,9079.jpg,2
887b22f7847e2963,ena24,4624.jpg,2
887b22f7847e2963,ena24,4627.jpg,2
89117c8279e717ad,ena24,8123.jpg,2
89117c8279e717ad,ena24,8125.jpg,2
892bac6c76931be4,ena24,3454.jpg,2
892bac6c76931be4,ena24,3456.jpg,2
893b22f7843e29e3,ena24,4602.jpg,2
893b22f7843e29e3,ena24,4606.jpg,2
896fe285be71a312,ena24,4427.jpg,3
896fe285be71a312,ena24,4428.jpg,3
896fe285be71a312,ena24,4429.jpg,3
897b22f4843b3b65,ena24,4533.jpg,2
897b22f4843b3b65,ena24,4535.jpg,2
897b22f5843a3b65,ena24,4536.jpg,2
897b22f5843a3b65,ena24,4537.jpg,2
89897d387ac2666e,ena24,1879.jpg,3
89897d387ac2666e,ena24,1882.jpg,3
89897d387ac2666e,ena24,1883.jpg,3
89897d387ac26766,ena24,1878.jpg,3
89897d387ac26766,ena24,1880.jpg,3
89897d387ac26766,ena24,1885.jpg,3
89915f7e7d4a6242,ena24,3315.jpg,2
89915f7e7d4a6242,ena24,3316.jpg,2
89ada5459414f77c,ena24,6641.jpg,3
89ada5459414f77c,ena24,6642.jpg,3
89ada5459414f77c,ena24,6643.jpg,3
8a28ed48fac1efe0,ena24,4460.jpg,3
8a28ed48fac1efe0,ena24,4461.jpg,3
8a28ed48fac1efe0,ena24,4467.jpg,3
8a28ed48fbc0efe0,ena24,4462.jpg,3
8a28ed48fbc0efe0,ena24,4463.jpg,3
8a28ed48fbc0efe0,ena24,4464.jpg,3
8a2ab868b874f13f,ena24,1452.jpg,2
8a2ab868b874f13f,ena24,1457.jpg,2
8a2ab86cb870f13f,ena24,1455.jpg,2
8a2ab86cb870f13f,ena24,1456.jpg,2
8a38578365f16aea,ena24,590.jpg,2
8a38578365f16aea,ena24,592.jpg,2
8a3857874df16ae8,ena24,598.jpg,2
8a3857874df16ae8,ena24,601.jpg,2
8a38578b65f16ae8,ena24,591.jpg,3
8a38578b65f16ae8,ena24,593.jpg,3
8a38578b65f16ae8,ena24,594.jpg,3
8a3857a461de69ba,ena24,632.jpg,2
8a3857a461de69ba,ena24,633.jpg,2
8a3857a565de689a,ena24,636.jpg,3
8a3857a565de689a,ena24,637.jpg,3
8a3857a565de689a,ena24,638.jpg,3
8a3857a76d916af0,ena24,586.jpg,2
8a3857a76d916af0,ena24,588.jpg,2
8a66e5db34669992,ena24,3571.jpg,2
8a66e5db34669992,ena24,3572.jpg,2
8a67e59a31ec2a93,ena24,3528.jpg,2
8a67e59a31ec2a93,ena24,3533.jpg,2
8a6ae3852e3ab635,ena24,3744.jpg,3
8a6ae3852e3ab635,ena24,3745.jpg,3
8a6ae3852e3ab635,ena24,3746.jpg,3
8a77e59a316c2a93,ena24,3521.jpg,7
8a77e59a316c2a93,ena24,3522.jpg,7
8a77e59a316c2a93,ena24,3526.jpg,7
8a77e59a316c2a93,ena24,3529.jpg,7
8a77e59a316c2a93,ena24,3534.jpg,7
8a77e59a316c2a93,ena24,3535.jpg,7
8a77e59a316c2a93,ena24,3536.jpg,7
8a77e59a31ec2a92,ena24,3530.jpg,3
8a77e59a31ec2a92,ena24,3531.jpg,3
8a77e59a31ec2a92,ena24,3532.jpg,3
8a9ed57bba448135,ena24,7743.jpg,2
8a9ed57bba448135,ena24,7744.jpg,2
8a9ed57fb8548170,ena24,7748.jpg,2
8a9ed57fb8548170,ena24,7750.jpg,2
8b2c55b265d57aa8,ena24,666.jpg,2
8b2c55b265d57aa8,ena24,667.jpg,2
8b8dbc7a7ac06227,ena24,1827.jpg,2
8b8dbc7a7ac06227,ena24,1829.jpg,2
8c6cf1837c446be3,ena24,6739.jpg,2
8c6cf1837c446be3,ena24,6741.jpg,2
8c6ee1877b256a89,ena24,794.jpg,3
8c6ee1877b256a89,ena24,795.jpg,3
8c6ee1877b256a89,ena24,796.jpg,3
8c6ee2857b666aa1,ena24,804.jpg,2
8c6ee2857b666aa1,ena24,808.jpg,2
8c72a54af5a86f85,ena24,8969.jpg,2
8c72a54af5a86f85,ena24,8970.jpg,2
8c7be285ba71a316,ena24,4433.jpg,3
8c7be285ba71a316,ena24,4434.jpg,3
8c7be285ba71a316,ena24,4435.jpg,3
8c8b53d4f7353862,ena24,1375.jpg,3
8c8b53d4f7353862,ena24,1376.jpg,3
8c8b53d4f7353862,ena24,1378.jpg,3
8c8e8f2fa862b63c,ena24,1600.jpg,10
8c8e8f2fa862b63c,ena24,1602.jpg,10
8c8e8f2fa862b63c,ena24,1603.jpg,10
8c8e8f2fa862b63c,ena24,1604.jpg,10
8c8e8f2fa862b63c,ena24,1605.jpg,10
8c8e8f2fa862b63c,ena24,1606.jpg,10
8c8e8f2fa862b63c,ena24,1608.jpg,10
8c8e8f2fa862b63c,ena24,1609.jpg,10
8c8e8f2fa862b63c,ena24,1610.jpg,10
8c8e8f2fa862b63c,ena24,1611.jpg,10
8c8e8f2faa62b634,ena24,1601.jpg,2
8c8e8f2faa62b634,ena24,1607.jpg,2
8c96d3c9fd3d2304,ena24,6123.jpg,2
8c96d3c9fd3d2304,ena24,6125.jpg,2
8ccc467d70a37333,ena24,5851.jpg,2
8ccc467d70a37333,ena24,5852.jpg,2
8cec466c71977323,ena24,5840.jpg,2
8cec466c71977323,ena24,5841.jpg,2
8d2da5059575a537,ena24,6654.jpg,2
8d2da5059575a537,ena24,6655.jpg,2
8d2fd6417ac06af8,ena24,16.jpg,3
8d2fd6417ac06af8,ena24,17.jpg,3
8d2fd6417ac06af8,ena24,18.jpg,3
8d505e8278e516bf,ena24,8128.jpg,2
8d505e8278e516bf,ena24,8129.jpg,2
8d62d825abc877c9,ena24,3954.jpg,2
8d62d825abc877c9,ena24,3955.jpg,2
8d6a38857aa474eb,ena24,2472.jpg,2
8d6a38857aa474eb,ena24,2474.jpg,2
8d6fff9a368062c0,ena24,5688.jpg,5
8d6fff9a368062c0,ena24,5701.jpg,5
8d6fff9a368062c0,ena24,5702.jpg,5
8d6fff9a368062c0,ena24,5703.jpg,5
8d6fff9a368062c0,ena24,5708.jpg,5
8d6fff9a3c8062c0,ena24,5691.jpg,3
8d6fff9a3c8062c0,ena24,5692.jpg,3
8d6fff9a3c8062c0,ena24,5705.jpg,3
8d6fff9a3e8060c0,ena24,5693.jpg,6
8d6fff9a3e8060c0,ena24,5694.jpg,6
8d6fff9a3e8060c0,ena24,5695.jpg,6
8d6fff9a3e8060c0,ena24,5697.jpg,6
8d6fff9a3e8060c0,ena24,5698.jpg,6
8d6fff9a3e8060c0,ena24,5699.jpg,6
8d6fff9b348062c0,ena24,5689.jpg,2
8d6fff9b348062c0,ena24,5704.jpg,2
8d87d3a9f5323158,ena24,6016.jpg,2
8d87d3a9f5323158,ena24,6017.jpg,2
8dad0a587a8a57c7,ena24,9394.jpg,2
8dad0a587a8a57c7,ena24,9395.jpg,2
8dad425c6cc33e87,ena24,9380.jpg,2
8dad425c6cc33e87,ena24,9383.jpg,2
8dada5259454b769,ena24,6637.jpg,3
8dada5259454b769,ena24,6638.jpg,3
8dada5259454b769,ena24,6639.jpg,3
8dbd8b2fa0569b60,ena24,8999.jpg,2
8dbd8b2fa0569b60,ena24,9000.jpg,2
8dbfda5a91159464,ena24,4587.jpg,2
8dbfda5a91159464,ena24,4588.jpg,2
8ded4e4f35c2360a,ena24,3262.jpg,3
8ded4e4f35c2360a,ena24,3263.jpg,3
8ded4e4f35c2360a,ena24,3264.jpg,3
8e75c58836cd69a6,ena24,3539.jpg,4
8e75c58836cd69a6,ena24,3542.jpg,4
8e75c58836cd69a6,ena24,3543.jpg,4
8e75c58836cd69a6,ena24,3544.jpg,4
8e77c18834ce69b6,ena24,3551.jpg,5
8e77c18834ce69b6,ena24,3552.jpg,5
8e77c18834ce69b6,ena24,3553.jpg,5
8e77c18834ce69b6,ena24,3554.jpg,5
8e77c18834ce69b6,ena24,3555.jpg,5
8e77c18a34cd2ab6,ena24,3518.jpg,5
8e77c18a34cd2ab6,ena24,3519.jpg,5
8e77c18a34cd2ab6,ena24,3520.jpg,5
8e77c18a34cd2ab6,ena24,3523.jpg,5
8e77c18a34cd2ab6,ena24,3524.jpg,5
8e77c58a36cc6992,ena24,3540.jpg,2
8e77c58a36cc6992,ena24,3548.jpg,2
8e77d5c875c42aa2,ena24,3513.jpg,2
8e77d5c875c42aa2,ena24,3515.jpg,2
8e8a53d377353862,ena24,1370.jpg,6
8e8a53d377353862,ena24,1371.jpg,6
8e8a53d377353862,ena24,1372.jpg,6
8e8a53d377353862,ena24,1373.jpg,6
8e8a53d377353862,ena24,1374.jpg,6
8e8a53d377353862,ena24,1383.jpg,6
8e8a53d775343263,ena24,1366.jpg,4
8e8a53d775343263,ena24,1367.jpg,4
8e8a53d775343263,ena24,1368.jpg,4
8e8a53d775343263,ena24,1369.jpg,4
8e8a53d795353272,ena24,1381.jpg,2
8e8a53d795353272,ena24,1382.jpg,2
8e8a53d795363272,ena24,1340.jpg,5
8e8a53d795363272,ena24,1341.jpg,5
8e8a53d795363272,ena24,1342.jpg,5
8e8a53d795363272,ena24,1343.jpg,5
8e8a53d795363272,ena24,1384.jpg,5
8e8a53d797343272,ena24,1339.jpg,3
8e8a53d797343272,ena24,1379.jpg,3
8e8a53d797343272,ena24,1380.jpg,3
8e8a53d7d5263272,ena24,1357.jpg,2
8e8a53d7d5263272,ena24,1358.jpg,2
8e8a53d7d5343272,ena24,1349.jpg,5
8e8a53d7d5343272,ena24,1350.jpg,5
8e8a53d7d5343272,ena24,1351.jpg,5
8e8a53d7d5343272,ena24,1352.jpg,5
8e8a53d7d5343272,ena24,1385.jpg,5
8e8a53d7f5243272,ena24,1354.jpg,3
8e8a53d7f5243272,ena24,1355.jpg,3
8e8a53d7f5243272,ena24,1356.jpg,3
8e8ad3d5d5743c30,ena24,1193.jpg,2
8e8ad3d5d5743c30,ena24,1194.jpg,2
8e8b5bd695343233,ena24,1335.jpg,4
8e8b5bd695343233,ena24,1336.jpg,4
8e8b5bd695343233,ena24,1337.jpg,4
8e8b5bd695343233,ena24,1338.jpg,4
8e8bdbd5d5643430,ena24,1188.jpg,2
8e8bdbd5d5643430,ena24,1196.jpg,2
8e8ed3d7d5343430,ena24,1213.jpg,2
8e8ed3d7d5343430,ena24,1214.jpg,2
8f8f41e87f20149f,ena24,537.jpg,5
8f8f41e87f20149f,ena24,538.jpg,5
8f8f41e87f20149f,ena24,539.jpg,5
8f8f41e87f20149f,ena24,540.jpg,5
8f8f41e87f20149f,ena24,541.jpg,5
8f8f41e87fa0149e,ena24,542.jpg,2
8f8f41e87fa0149e,ena24,543.jpg,2
8f8ff0e40470ea1f,ena24,8781.jpg,2
8f8ff0e40470ea1f,ena24,8783.jpg,2
90316dc936cc6f93,ena24,857.jpg,7
90316dc936cc6f93,ena24,858.jpg,7
90316dc936cc6f93,ena24,860.jpg,7
90316dc936cc6f93,ena24,861.jpg,7
90316dc936cc6f93,ena24,862.jpg,7
90316dc936cc6f93,ena24,863.jpg,7
90316dc936cc6f93,ena24,864.jpg,7
903da76b6a64ca4e,ena24,3733.jpg,2
903da76b6a64ca4e,ena24,3734.jpg,2
9040f84ec37d9577,ena24,1458.jpg,2
9040f84ec37d9577,ena24,1459.jpg,2
904cb4ee25c3778b,ena24,8266.jpg,2
904cb4ee25c3778b,ena24,8267.jpg,2
9052778e7ce142be,inaturalist,inat_285192120_512613584.jpg,2
9052778e7ce142be,inaturalist,inat_285237118_512690775.jpg,2
906b2af5926b35a6,ena24,4593.jpg,3
906b2af5926b35a6,ena24,4599.jpg,3
906b2af5926b35a6,ena24,4601.jpg,3
907fa78478278f16,ena24,7321.jpg,2
907fa78478278f16,ena24,7331.jpg,2
9090d160e36fe57e,ena24,2993.jpg,3
9090d160e36fe57e,ena24,2994.jpg,3
9090d160e36fe57e,ena24,2995.jpg,3
90d0d162e36fa17e,ena24,2996.jpg,2
90d0d162e36fa17e,ena24,2997.jpg,2
91109956837f947f,ena24,8332.jpg,2
91109956837f947f,ena24,8334.jpg,2
914c946227cb779b,ena24,8270.jpg,2
914c946227cb779b,ena24,8273.jpg,2
915c7ca0634e3dd9,ena24,8283.jpg,3
915c7ca0634e3dd9,ena24,8285.jpg,3
915c7ca0634e3dd9,ena24,8286.jpg,3
916b861de30dfa07,ena24,700.jpg,4
916b861de30dfa07,ena24,702.jpg,4
916b861de30dfa07,ena24,703.jpg,4
916b861de30dfa07,ena24,705.jpg,4
916eb14d36d96691,ena24,3341.jpg,2
916eb14d36d96691,ena24,3342.jpg,2
916eb14db6c96691,ena24,3338.jpg,2
916eb14db6c96691,ena24,3340.jpg,2
9174ccfd17d0544d,inaturalist,inat_147946488_254674768.jpg,2
9174ccfd17d0544d,inaturalist,inat_147946488_254674773.jpg,2
9178d048e545ad7f,ena24,1872.jpg,2
9178d048e545ad7f,ena24,1874.jpg,2
917ba2d5943a2967,ena24,4551.jpg,5
917ba2d5943a2967,ena24,4552.jpg,5
917ba2d5943a2967,ena24,4554.jpg,5
917ba2d5943a2967,ena24,4556.jpg,5
917ba2d5943a2967,ena24,4558.jpg,5
917ee2847d25ca1e,ena24,7332.jpg,2
917ee2847d25ca1e,ena24,7335.jpg,2
917fe2807d47ca1a,ena24,7238.jpg,2
917fe2807d47ca1a,ena24,7243.jpg,2
917fe6847921ec16,ena24,7339.jpg,2
917fe6847921ec16,ena24,7351.jpg,2
917fe6847961cc16,ena24,7232.jpg,2
917fe6847961cc16,ena24,7265.jpg,2
9180697e7bc229f9,ena24,165.jpg,2
9180697e7bc229f9,ena24,166.jpg,2
9180697e7be308f9,ena24,162.jpg,2
9180697e7be308f9,ena24,164.jpg,2
91dbca85d2ee2564,ena24,3727.jpg,5
91dbca85d2ee2564,ena24,3728.jpg,5
91dbca85d2ee2564,ena24,3729.jpg,5
91dbca85d2ee2564,ena24,3730.jpg,5
91dbca85d2ee2564,ena24,3732.jpg,5
921664ed6f0a75e1,ena24,1189.jpg,2
921664ed6f0a75e1,ena24,1190.jpg,2
92326d4d989b73e4,ena24,4990.jpg,2
92326d4d989b73e4,ena24,4992.jpg,2
92326d6d989973e4,ena24,4993.jpg,2
92326d6d989973e4,ena24,4994.jpg,2
923a7dc066e43cec,ena24,4412.jpg,6
923a7dc066e43cec,ena24,4413.jpg,6
923a7dc066e43cec,ena24,4415.jpg,6
923a7dc066e43cec,ena24,4416.jpg,6
923a7dc066e43cec,ena24,4417.jpg,6
923a7dc066e43cec,ena24,4418.jpg,6
923ae00fb954987f,ena24,7577.jpg,2
923ae00fb954987f,ena24,7578.jpg,2
923ae057b964985f,ena24,7587.jpg,3
923ae057b964985f,ena24,7588.jpg,3
923ae057b964985f,ena24,7589.jpg,3
92756d8a36cc6d8a,ena24,6907.jpg,2
92756d8a36cc6d8a,ena24,6911.jpg,2
9282d294575d756d,ena24,420.jpg,2
9282d294575d756d,ena24,423.jpg,2
9282d295c5557d6d,ena24,427.jpg,2
9282d295c5557d6d,ena24,429.jpg,2
92b395896de56a68,ena24,564.jpg,3
92b395896de56a68,ena24,565.jpg,3
92b395896de56a68,ena24,567.jpg,3
92b395d96de46a28,ena24,528.jpg,2
92b395d96de46a28,ena24,529.jpg,2
9332f19a67a56ca1,ena24,3819.jpg,2
9332f19a67a56ca1,ena24,3913.jpg,2
9332f39a66a56ca1,ena24,3817.jpg,4
9332f39a66a56ca1,ena24,3869.jpg,4
9332f39a66a56ca1,ena24,3870.jpg,4
9332f39a66a56ca1,ena24,3871.jpg,4
933ab6e05ce07c59,ena24,568.jpg,3
933ab6e05ce07c59,ena24,570.jpg,3
933ab6e05ce07c59,ena24,572.jpg,3
933ab6e05ce17459,ena24,569.jpg,2
933ab6e05ce17459,ena24,571.jpg,2
9343b350e936c86f,ena24,8972.jpg,3
9343b350e936c86f,ena24,8974.jpg,3
9343b350e936c86f,ena24,8975.jpg,3
934eceb238c978f0,ena24,5919.jpg,2
934eceb238c978f0,ena24,5920.jpg,2
9364938c76ca6d93,ena24,6661.jpg,3
9364938c76ca6d93,ena24,6680.jpg,3
9364938c76ca6d93,ena24,6681.jpg,3
9364938c76cb6d92,ena24,6676.jpg,3
9364938c76cb6d92,ena24,6678.jpg,3
9364938c76cb6d92,ena24,6679.jpg,3
936a7098ef8a6ba1,ena24,3345.jpg,2
936a7098ef8a6ba1,ena24,3346.jpg,2
936bec8e3b9360c4,ena24,5806.jpg,2
936bec8e3b9360c4,ena24,5807.jpg,2
936d92cc72866db2,ena24,717.jpg,6
936d92cc72866db2,ena24,718.jpg,6
936d92cc72866db2,ena24,720.jpg,6
936d92cc72866db2,ena24,723.jpg,6
936d92cc72866db2,ena24,732.jpg,6
936d92cc72866db2,ena24,733.jpg,6
936d92cc72867d92,ena24,730.jpg,2
936d92cc72867d92,ena24,731.jpg,2
936d92cc73826db2,ena24,713.jpg,3
936d92cc73826db2,ena24,719.jpg,3
936d92cc73826db2,ena24,725.jpg,3
936d92cc73866d92,ena24,711.jpg,12
936d92cc73866d92,ena24,712.jpg,12
936d92cc73866d92,ena24,714.jpg,12
936d92cc73866d92,ena24,715.jpg,12
936d92cc73866d92,ena24,716.jpg,12
936d92cc73866d92,ena24,721.jpg,12
936d92cc73866d92,ena24,722.jpg,12
936d92cc73866d92,ena24,724.jpg,12
936d92cc73866d92,ena24,726.jpg,12
936d92cc73866d92,ena24,727.jpg,12
936d92cc73866d92,ena24,728.jpg,12
936d92cc73866d92,ena24,729.jpg,12
9372f19a67a548ac,ena24,3968.jpg,2
9372f19a67a548ac,ena24,3969.jpg,2
9385ee666c7838b1,ena24,738.jpg,2
9385ee666c7838b1,ena24,739.jpg,2
9393774d742829ea,ena24,7535.jpg,9
9393774d742829ea,ena24,7536.jpg,9
9393774d742829ea,ena24,7537.jpg,9
9393774d742829ea,ena24,7538.jpg,9
9393774d742829ea,ena24,7539.jpg,9
9393774d742829ea,ena24,7540.jpg,9
9393774d742829ea,ena24,7541.jpg,9
9393774d742829ea,ena24,7542.jpg,9
9393774d742829ea,ena24,7544.jpg,9
93ce60fb2f003e3c,ena24,6133.jpg,2
93ce60fb2f003e3c,ena24,6135.jpg,2
93f38b2fc007f192,ena24,2795.jpg,2
93f38b2fc007f192,ena24,2796.jpg,2
940eceb17bc962e2,ena24,5940.jpg,2
940eceb17bc962e2,ena24,5941.jpg,2
941178ea2ac277ed,ena24,8243.jpg,2
941178ea2ac277ed,ena24,8245.jpg,2
94316dc837cc6f98,ena24,6926.jpg,2
94316dc837cc6f98,ena24,6928.jpg,2
94316dc937cc6f90,ena24,6923.jpg,2
94316dc937cc6f90,ena24,6924.jpg,2
943a71c0cccc7fe4,ena24,4402.jpg,2
943a71c0cccc7fe4,ena24,4403.jpg,2
943a73c14ccc7fe0,ena24,4405.jpg,3
943a73c14ccc7fe0,ena24,4406.jpg,3
943a73c14ccc7fe0,ena24,4407.jpg,3
943a73c1cccc77e0,ena24,4401.jpg,3
943a73c1cccc77e0,ena24,4408.jpg,3
943a73c1cccc77e0,ena24,4409.jpg,3
943ac675a94eac36,ena24,367.jpg,2
943ac675a94eac36,ena24,368.jpg,2
943c4bf51a303fc3,inaturalist,inat_364447173_665312224.jpg,2
943c4bf51a303fc3,inaturalist,inat_364447173_665312248.jpg,2
946e831bec17ba64,ena24,7668.jpg,2
946e831bec17ba64,ena24,7669.jpg,2
94860eae6e687d8b,ena24,7358.jpg,2
94860eae6e687d8b,ena24,7359.jpg,2
94860fae6e686f89,ena24,7361.jpg,2
94860fae6e686f89,ena24,7362.jpg,2
952ab4c27ae86fc8,ena24,4475.jpg,2
952ab4c27ae86fc8,ena24,4476.jpg,2
9536ca7db2488b56,ena24,2990.jpg,2
9536ca7db2488b56,ena24,2991.jpg,2
9536ca7db2498956,ena24,3463.jpg,3
9536ca7db2498956,ena24,3464.jpg,3
9536ca7db2498956,ena24,3465.jpg,3
9544279b6b7e3c24,ena24,1276.jpg,2
9544279b6b7e3c24,ena24,1277.jpg,2
9563d20cf31cb81f,ena24,3086.jpg,2
9563d20cf31cb81f,ena24,3087.jpg,2
956a861de30dfa07,ena24,6647.jpg,3
956a861de30dfa07,ena24,6648.jpg,3
956a861de30dfa07,ena24,6650.jpg,3
956aed827ec8658a,ena24,5669.jpg,3
956aed827ec8658a,ena24,5670.jpg,3
956aed827ec8658a,ena24,5684.jpg,3
956afc827ec8658a,ena24,5675.jpg,2
956afc827ec8658a,ena24,5685.jpg,2
956f8b18b4558b74,ena24,7202.jpg,3
956f8b18b4558b74,ena24,7203.jpg,3
956f8b18b4558b74,ena24,7205.jpg,3
9594dbe8f51b6209,ena24,6028.jpg,2
9594dbe8f51b6209,ena24,6029.jpg,2
9594dbe9f50b6209,ena24,6027.jpg,2
9594dbe9f50b6209,ena24,6031.jpg,2
9596d1c1fd1d2349,ena24,6116.jpg,2
9596d1c1fd1d2349,ena24,6117.jpg,2
9596d5c1bd1d2349,ena24,6112.jpg,4
9596d5c1bd1d2349,ena24,6113.jpg,4
9596d5c1bd1d2349,ena24,6114.jpg,4
9596d5c1bd1d2349,ena24,6118.jpg,4
9597d1c1bd1d2349,ena24,6119.jpg,2
9597d1c1bd1d2349,ena24,6120.jpg,2
95b4db09e163662e,ena24,6040.jpg,2
95b4db09e163662e,ena24,6041.jpg,2
95b4db89fd786201,ena24,6086.jpg,4
95b4db89fd786201,ena24,6088.jpg,4
95b4db89fd786201,ena24,6089.jpg,4
95b4db89fd786201,ena24,6090.jpg,4
95b4dbc9e1607629,ena24,6058.jpg,2
95b4dbc9e1607629,ena24,6059.jpg,2
95b4dbe1f5792208,ena24,6033.jpg,2
95b4dbe1f5792208,ena24,6035.jpg,2
95b4df09f161660e,ena24,6037.jpg,3
95b4df09f161660e,ena24,6038.jpg,3
95b4df09f161660e,ena24,6039.jpg,3
95bcdb01e169662e,ena24,6042.jpg,4
95bcdb01e169662e,ena24,6043.jpg,4
95bcdb01e169662e,ena24,6044.jpg,4
95bcdb01e169662e,ena24,6045.jpg,4
960ec6b819d37ae2,ena24,5925.jpg,2
960ec6b819d37ae2,ena24,5928.jpg,2
96168302d37b997d,ena24,1400.jpg,2
96168302d37b997d,ena24,1401.jpg,2
961c44af39d36e31,ena24,5962.jpg,3
961c44af39d36e31,ena24,5963.jpg,3
961c44af39d36e31,ena24,5967.jpg,3
961c4caf3b516e31,ena24,5968.jpg,2
961c4caf3b516e31,ena24,5969.jpg,2
9624edcb6ac85bc2,ena24,3859.jpg,2
9624edcb6ac85bc2,ena24,3861.jpg,2
9624edcb6acc4bc2,ena24,3860.jpg,4
9624edcb6acc4bc2,ena24,3862.jpg,4
9624edcb6acc4bc2,ena24,3863.jpg,4
9624edcb6acc4bc2,ena24,3865.jpg,4
9636f2c8498d75aa,ena24,756.jpg,2
9636f2c8498d75aa,ena24,764.jpg,2
9636f2c9498975aa,ena24,755.jpg,2
9636f2c9498975aa,ena24,759.jpg,2
9636f3c8498975aa,ena24,752.jpg,9
9636f3c8498975aa,ena24,753.jpg,9
9636f3c8498975aa,ena24,754.jpg,9
9636f3c8498975aa,ena24,757.jpg,9
9636f3c8498975aa,ena24,758.jpg,9
9636f3c8498975aa,ena24,760.jpg,9
9636f3c8498975aa,ena24,761.jpg,9
9636f3c8498975aa,ena24,762.jpg,9
9636f3c8498975aa,ena24,763.jpg,9
963a71c046cc7fe4,ena24,4397.jpg,2
963a71c046cc7fe4,ena24,4398.jpg,2
963a71c04ec07fec,ena24,4392.jpg,2
963a71c04ec07fec,ena24,4395.jpg,2
963a71c04ecc77e4,ena24,4396.jpg,2
963a71c04ecc77e4,ena24,4400.jpg,2
963a79c066e43cec,ena24,4420.jpg,2
963a79c066e43cec,ena24,4421.jpg,2
966ee92966927da0,ena24,745.jpg,3
966ee92966927da0,ena24,747.jpg,3
966ee92966927da0,ena24,748.jpg,3
967837c067807ced,ena24,3012.jpg,2
967837c067807ced,ena24,3013.jpg,2
969c4caf3b516e30,ena24,5974.jpg,3
969c4caf3b516e30,ena24,5975.jpg,3
969c4caf3b516e30,ena24,5978.jpg,3
9732f19a66a16ca9,ena24,3815.jpg,3
9732f19a66a16ca9,ena24,3836.jpg,3
9732f19a66a16ca9,ena24,3837.jpg,3
9732f19a66a56ca1,ena24,3785.jpg,5
9732f19a66a56ca1,ena24,3786.jpg,5
9732f19a66a56ca1,ena24,3787.jpg,5
9732f19a66a56ca1,ena24,3816.jpg,5
9732f19a66a56ca1,ena24,3872.jpg,5
9732f19a67a16ca1,ena24,3838.jpg,2
9732f19a67a16ca1,ena24,3940.jpg,2
9732f39a66a16ca1,ena24,3737.jpg,8
9732f39a66a16ca1,ena24,3739.jpg,8
9732f39a66a16ca1,ena24,3742.jpg,8
9732f39a66a16ca1,ena24,3784.jpg,8
9732f39a66a16ca1,ena24,3818.jpg,8
9732f39a66a16ca1,ena24,3835.jpg,8
9732f39a66a16ca1,ena24,3915.jpg,8
9732f39a66a16ca1,ena24,3916.jpg,8
97353da96ce11d90,ena24,4743.jpg,2
97353da96ce11d90,ena24,4744.jpg,2
978f40693f3f4ac0,ena24,8740.jpg,6
978f40693f3f4ac0,ena24,8742.jpg,6
978f40693f3f4ac0,ena24,8743.jpg,6
978f40693f3f4ac0,ena24,8744.jpg,6
978f40693f3f4ac0,ena24,8745.jpg,6
978f40693f3f4ac0,ena24,8747.jpg,6
9793bdd45d544a48,ena24,7015.jpg,2
9793bdd45d544a48,ena24,7017.jpg,2
97cb40693f3f4ac0,ena24,8739.jpg,2
97cb40693f3f4ac0,ena24,8741.jpg,2
983ba2d6847e31e3,ena24,4647.jpg,3
983ba2d6847e31e3,ena24,4648.jpg,3
983ba2d6847e31e3,ena24,4649.jpg,3
986ed99e658962a6,ena24,5540.jpg,9
986ed99e658962a6,ena24,5541.jpg,9
986ed99e658962a6,ena24,5542.jpg,9
986ed99e658962a6,ena24,5543.jpg,9
986ed99e658962a6,ena24,5544.jpg,9
986ed99e658962a6,ena24,5545.jpg,9
986ed99e658962a6,ena24,5546.jpg,9
986ed99e658962a6,ena24,5547.jpg,9
986ed99e658962a6,ena24,5548.jpg,9
9878e317f046953e,ena24,3058.jpg,3
9878e317f046953e,ena24,3077.jpg,3
9878e317f046953e,ena24,3080.jpg,3
9878e317f0469d3c,ena24,3055.jpg,2
9878e317f0469d3c,ena24,3056.jpg,2
9878e317f066953c,ena24,3066.jpg,2
9878e317f066953c,ena24,3067.jpg,2
987b22f7903e28e3,ena24,4604.jpg,2
987b22f7903e28e3,ena24,4615.jpg,2
987bc31ef803bc0e,ena24,3189.jpg,2
987bc31ef803bc0e,ena24,3190.jpg,2
987be2a4965b29a6,ena24,4545.jpg,2
987be2a4965b29a6,ena24,4546.jpg,2
987be31ef803b80e,ena24,3191.jpg,4
987be31ef803b80e,ena24,3192.jpg,4
987be31ef803b80e,ena24,3193.jpg,4
987be31ef803b80e,ena24,3195.jpg,4
987ce317f046913d,ena24,3051.jpg,2
987ce317f046913d,ena24,3052.jpg,2
987ce317f046953c,ena24,3050.jpg,5
987ce317f046953c,ena24,3053.jpg,5
987ce317f046953c,ena24,3070.jpg,5
987ce317f046953c,ena24,3071.jpg,5
987ce317f046953c,ena24,3072.jpg,5
987ce317f04c913e,ena24,3054.jpg,2
987ce317f04c913e,ena24,3057.jpg,2
9919a97ef256d032,ena24,1330.jpg,3
9919a97ef256d032,ena24,1331.jpg,3
9919a97ef256d032,ena24,1332.jpg,3
993366cc3533ecc8,ena24,4351.jpg,4
993366cc3533ecc8,ena24,4358.jpg,4
993366cc3533ecc8,ena24,4359.jpg,4
993366cc3533ecc8,ena24,4361.jpg,4
993ba2d6807f29c5,ena24,4666.jpg,2
993ba2d6807f29c5,ena24,4668.jpg,2
993ba2d6847f29c4,ena24,4672.jpg,2
993ba2d6847f29c4,ena24,4673.jpg,2
993ba6d4907b29e4,ena24,4650.jpg,2
993ba6d4907b29e4,ena24,4651.jpg,2
993ba6d6807b29c5,ena24,4674.jpg,3
993ba6d6807b29c5,ena24,4676.jpg,3
993ba6d6807b29c5,ena24,4677.jpg,3
993ba6d6807b29c6,ena24,4669.jpg,3
993ba6d6807b29c6,ena24,4670.jpg,3
993ba6d6807b29c6,ena24,4671.jpg,3
993be4463b50cc67,ena24,2670.jpg,2
993be4463b50cc67,ena24,2671.jpg,2
9952de31b27da03c,ena24,9609.jpg,2
9952de31b27da03c,ena24,9611.jpg,2
9955e43bb04ea16e,ena24,3219.jpg,2
9955e43bb04ea16e,ena24,3221.jpg,2
996e9d9e658a628c,ena24,5578.jpg,4
996e9d9e658a628c,ena24,5579.jpg,4
996e9d9e658a628c,ena24,5580.jpg,4
996e9d9e658a628c,ena24,5581.jpg,4
9972e62dd906e847,ena24,3181.jpg,2
9972e62dd906e847,ena24,3183.jpg,2
997edd8e6580662c,ena24,3492.jpg,2
997edd8e6580662c,ena24,3493.jpg,2
99bda043c76189be,ena24,7100.jpg,2
99bda043c76189be,ena24,7108.jpg,2
9a31178b65f16ae8,ena24,3405.jpg,2
9a31178b65f16ae8,ena24,3406.jpg,2
9a33178b4de52ae8,ena24,361.jpg,3
9a33178b4de52ae8,ena24,362.jpg,3
9a33178b4de52ae8,ena24,363.jpg,3
9a38578345f07aea,ena24,611.jpg,3
9a38578345f07aea,ena24,613.jpg,3
9a38578345f07aea,ena24,614.jpg,3
9a38578b45d16aea,ena24,353.jpg,3
9a38578b45d16aea,ena24,356.jpg,3
9a38578b45d16aea,ena24,357.jpg,3
9a38578b45d16af8,ena24,352.jpg,3
9a38578b45d16af8,ena24,354.jpg,3
9a38578b45d16af8,ena24,355.jpg,3
9a39178b45f16ae8,ena24,3407.jpg,2
9a39178b45f16ae8,ena24,3408.jpg,2
9a9a77130865755d,ena24,5901.jpg,2
9a9a77130865755d,ena24,5902.jpg,2
9a9e9ca4a466c35b,ena24,350.jpg,2
9a9e9ca4a466c35b,ena24,351.jpg,2
9ab0578b45f12aea,ena24,682.jpg,3
9ab0578b45f12aea,ena24,683.jpg,3
9ab0578b45f12aea,ena24,685.jpg,3
9ab151a965f03aec,ena24,482.jpg,2
9ab151a965f03aec,ena24,483.jpg,2
9ab1578b45e138ea,ena24,673.jpg,2
9ab1578b45e138ea,ena24,674.jpg,2
9ab1578b45f128ea,ena24,679.jpg,2
9ab1578b45f128ea,ena24,680.jpg,2
9ab2339bcfe52038,ena24,369.jpg,4
9ab2339bcfe52038,ena24,370.jpg,4
9ab2339bcfe52038,ena24,372.jpg,4
9ab2339bcfe52038,ena24,373.jpg,4
9ab3339bcde52038,ena24,374.jpg,2
9ab3339bcde52038,ena24,375.jpg,2
9b22e5db33e46c90,ena24,2604.jpg,2
9b22e5db33e46c90,ena24,2605.jpg,2
9b62e48d33e26c9c,ena24,2590.jpg,2
9b62e48d33e26c9c,ena24,2594.jpg,2
9b62e4cd33e26c8c,ena24,2598.jpg,2
9b62e4cd33e26c8c,ena24,2599.jpg,2
9b62e59933e46c91,ena24,2606.jpg,2
9b62e59933e46c91,ena24,2607.jpg,2
9b63e49831ea6695,ena24,2636.jpg,2
9b63e49831ea6695,ena24,2637.jpg,2
9b63e49833e66c91,ena24,2608.jpg,4
9b63e49833e66c91,ena24,2613.jpg,4
9b63e49833e66c91,ena24,2614.jpg,4
9b63e49833e66c91,ena24,2615.jpg,4
9b63e49933e46c91,ena24,2609.jpg,4
9b63e49933e46c91,ena24,2616.jpg,4
9b63e49933e46c91,ena24,2620.jpg,4
9b63e49933e46c91,ena24,2626.jpg,4
9b63e49933e46c98,ena24,2618.jpg,2
9b63e49933e46c98,ena24,2619.jpg,2
9b63e49a31e46e98,ena24,2650.jpg,2
9b63e49a31e46e98,ena24,2651.jpg,2
9b63e49a31e66c98,ena24,2630.jpg,2
9b63e49a31e66c98,ena24,2631.jpg,2
9b63e49b31e46c98,ena24,2627.jpg,2
9b63e49b31e46c98,ena24,2628.jpg,2
9b63e58932e46d98,ena24,2663.jpg,2
9b63e58932e46d98,ena24,2665.jpg,2
9b64698667897d83,ena24,7081.jpg,5
9b64698667897d83,ena24,7082.jpg,5
9b64698667897d83,ena24,7083.jpg,5
9b64698667897d83,ena24,7084.jpg,5
9b64698667897d83,ena24,7085.jpg,5
9b646986678b7d82,ena24,7080.jpg,4
9b646986678b7d82,ena24,7086.jpg,4
9b646986678b7d82,ena24,7087.jpg,4
9b646986678b7d82,ena24,7089.jpg,4
9b6693cc72c26d92,ena24,6668.jpg,4
9b6693cc72c26d92,ena24,6669.jpg,4
9b6693cc72c26d92,ena24,6670.jpg,4
9b6693cc72c26d92,ena24,6671.jpg,4
9b93a32fe007d136,ena24,2782.jpg,2
9b93a32fe007d136,ena24,2784.jpg,2
9b9ba267c22f8136,ena24,2830.jpg,3
9b9ba267c22f8136,ena24,2831.jpg,3
9b9ba267c22f8136,ena24,2832.jpg,3
9c7067da70a16d8e,ena24,3159.jpg,2
9c7067da70a16d8e,ena24,3160.jpg,2
9c71678b78a1658e,ena24,3156.jpg,2
9c71678b78a1658e,ena24,3157.jpg,2
9caa53d3d7b56210,ena24,1346.jpg,3
9caa53d3d7b56210,ena24,1347.jpg,3
9caa53d3d7b56210,ena24,1348.jpg,3
9cc1599c660c3fe3,ena24,8713.jpg,2
9cc1599c660c3fe3,ena24,8714.jpg,2
9d0d992fa177806e,ena24,8988.jpg,2
9d0d992fa177806e,ena24,8989.jpg,2
9d0d9d2fa166816b,ena24,8990.jpg,2
9d0d9d2fa166816b,ena24,8993.jpg,2
9d1d8b3fa0579960,ena24,9002.jpg,3
9d1d8b3fa0579960,ena24,9004.jpg,3
9d1d8b3fa0579960,ena24,9006.jpg,3
9d6c60857be46ac9,ena24,831.jpg,4
9d6c60857be46ac9,ena24,832.jpg,4
9d6c60857be46ac9,ena24,834.jpg,4
9d6c60857be46ac9,ena24,835.jpg,4
9d6c61857ae46ac9,ena24,842.jpg,3
9d6c61857ae46ac9,ena24,844.jpg,3
9d6c61857ae46ac9,ena24,845.jpg,3
9d6c61857be46ac8,ena24,825.jpg,4
9d6c61857be46ac8,ena24,827.jpg,4
9d6c61857be46ac8,ena24,829.jpg,4
9d6c61857be46ac8,ena24,830.jpg,4
9d6c70857be46ac8,ena24,826.jpg,2
9d6c70857be46ac8,ena24,828.jpg,2
9d6c71857a646ac9,ena24,838.jpg,2
9d6c71857a646ac9,ena24,843.jpg,2
9d6c8e3bc816e04f,ena24,3043.jpg,2
9d6c8e3bc816e04f,ena24,3045.jpg,2
9d6ee011fb06903f,ena24,3078.jpg,3
9d6ee011fb06903f,ena24,3079.jpg,3
9d6ee011fb06903f,ena24,3082.jpg,3
9d913624cd6d65c3,ena24,3849.jpg,2
9d913624cd6d65c3,ena24,3850.jpg,2
9d94dbe1f5792208,ena24,6032.jpg,2
9d94dbe1f5792208,ena24,6034.jpg,2
9d96d1c8fd0b2349,ena24,6106.jpg,2
9d96d1c8fd0b2349,ena24,6108.jpg,2
9d9701e17c286bd3,ena24,346.jpg,2
9d9701e17c286bd3,ena24,348.jpg,2
9d9701e17c286fd1,ena24,343.jpg,3
9d9701e17c286fd1,ena24,345.jpg,3
9d9701e17c286fd1,ena24,347.jpg,3
9db0dbc3e1786609,ena24,6053.jpg,2
9db0dbc3e1786609,ena24,6057.jpg,2
9dbcd3c0b57f6200,ena24,6068.jpg,5
9dbcd3c0b57f6200,ena24,6073.jpg,5
9dbcd3c0b57f6200,ena24,6074.jpg,5
9dbcd3c0b57f6200,ena24,6075.jpg,5
9dbcd3c0b57f6200,ena24,6076.jpg,5
9dbcd3c0bd796208,ena24,6066.jpg,3
9dbcd3c0bd796208,ena24,6078.jpg,3
9dbcd3c0bd796208,ena24,6080.jpg,3
9dbcd3c0bd7d6200,ena24,6079.jpg,3
9dbcd3c0bd7d6200,ena24,6084.jpg,3
9dbcd3c0bd7d6200,ena24,6085.jpg,3
9dbcd3c0fd796200,ena24,6081.jpg,3
9dbcd3c0fd796200,ena24,6082.jpg,3
9dbcd3c0fd796200,ena24,6083.jpg,3
9dbcd3c1f5796200,ena24,6067.jpg,4
9dbcd3c1f5796200,ena24,6069.jpg,4
9dbcd3c1f5796200,ena24,6070.jpg,4
9dbcd3c1f5796200,ena24,6071.jpg,4
9dbcdbc1a078660b,ena24,6049.jpg,3
9dbcdbc1a078660b,ena24,6050.jpg,3
9dbcdbc1a078660b,ena24,6051.jpg,3
9dbcdbc1b0786609,ena24,6046.jpg,2
9dbcdbc1b0786609,ena24,6048.jpg,2
9dbf9a5a91159464,ena24,4518.jpg,2
9dbf9a5a91159464,ena24,4553.jpg,2
9e6ce1837b256e81,ena24,798.jpg,2
9e6ce1837b256e81,ena24,799.jpg,2
9e6ee18772656b80,ena24,800.jpg,3
9e6ee18772656b80,ena24,802.jpg,3
9e6ee18772656b80,ena24,803.jpg,3
9e909e05844fc57f,ena24,7454.jpg,2
9e909e05844fc57f,ena24,7455.jpg,2
9e9ccdb664646463,ena24,5534.jpg,5
9e9ccdb664646463,ena24,5535.jpg,5
9e9ccdb664646463,ena24,5536.jpg,5
9e9ccdb664646463,ena24,5537.jpg,5
9e9ccdb664646463,ena24,5538.jpg,5
9fbde04685219a75,ena24,3681.jpg,2
9fbde04685219a75,ena24,3683.jpg,2
9fbde04e8421a87d,ena24,3678.jpg,2
9fbde04e8421a87d,ena24,3679.jpg,2
a2b2bbb515d25a58,ena24,7025.jpg,2
a2b2bbb515d25a58,ena24,7026.jpg,2
a424da6a4bb76783,ena24,1180.jpg,3
a424da6a4bb76783,ena24,1182.jpg,3
a424da6a4bb76783,ena24,1183.jpg,3
a4acd6b35da178c8,ena24,573.jpg,3
a4acd6b35da178c8,ena24,574.jpg,3
a4acd6b35da178c8,ena24,575.jpg,3
a4acffe348b0624b,ena24,579.jpg,3
a4acffe348b0624b,ena24,580.jpg,3
a4acffe348b0624b,ena24,581.jpg,3
a66303c17fde6e04,ena24,325.jpg,3
a66303c17fde6e04,ena24,327.jpg,3
a66303c17fde6e04,ena24,328.jpg,3
a66303c17fde6e80,ena24,310.jpg,2
a66303c17fde6e80,ena24,324.jpg,2
a66701c17fde6e80,ena24,307.jpg,5
a66701c17fde6e80,ena24,308.jpg,5
a66701c17fde6e80,ena24,309.jpg,5
a66701c17fde6e80,ena24,313.jpg,5
a66701c17fde6e80,ena24,314.jpg,5
a747984a59ad7998,ena24,973.jpg,5
a747984a59ad7998,ena24,974.jpg,5
a747984a59ad7998,ena24,975.jpg,5
a747984a59ad7998,ena24,976.jpg,5
a747984a59ad7998,ena24,977.jpg,5
a8e4d42a53377792,ena24,984.jpg,4
a8e4d42a53377792,ena24,985.jpg,4
a8e4d42a53377792,ena24,986.jpg,4
a8e4d42a53377792,ena24,988.jpg,4
a8e903517fff6600,ena24,330.jpg,2
a8e903517fff6600,ena24,332.jpg,2
a9a676d82d8e4e43,ena24,7999.jpg,2
a9a676d82d8e4e43,ena24,8001.jpg,2
a9a676dc2d8e4643,ena24,7997.jpg,3
a9a676dc2d8e4643,ena24,7998.jpg,3
a9a676dc2d8e4643,ena24,8000.jpg,3
a9a943537f326741,ena24,210.jpg,7
a9a943537f326741,ena24,212.jpg,7
a9a943537f326741,ena24,213.jpg,7
a9a943537f326741,ena24,214.jpg,7
a9a943537f326741,ena24,215.jpg,7
a9a943537f326741,ena24,216.jpg,7
a9a943537f326741,ena24,217.jpg,7
a9b2d6d0d2e9494d,ena24,6370.jpg,2
a9b2d6d0d2e9494d,ena24,6372.jpg,2
a9b6d6914b694d2c,ena24,5951.jpg,2
a9b6d6914b694d2c,ena24,5952.jpg,2
a9b6d6934b69452c,ena24,5949.jpg,2
a9b6d6934b69452c,ena24,5950.jpg,2
a9b6d6d04ae9550d,ena24,6415.jpg,4
a9b6d6d04ae9550d,ena24,6416.jpg,4
a9b6d6d04ae9550d,ena24,6417.jpg,4
a9b6d6d04ae9550d,ena24,6418.jpg,4
a9b6d6d0d0c95d49,ena24,6320.jpg,2
a9b6d6d0d0c95d49,ena24,6323.jpg,2
a9b6d6d0d0e9494d,ena24,6369.jpg,4
a9b6d6d0d0e9494d,ena24,6373.jpg,4
a9b6d6d0d0e9494d,ena24,6374.jpg,4
a9b6d6d0d0e9494d,ena24,6375.jpg,4
a9b6d6d0d0e94d49,ena24,6367.jpg,2
a9b6d6d0d0e94d49,ena24,6368.jpg,2
a9b6d6d0d2c94d49,ena24,6324.jpg,2
a9b6d6d0d2c94d49,ena24,6325.jpg,2
a9b6d6d14ac9550d,ena24,6506.jpg,3
a9b6d6d14ac9550d,ena24,6508.jpg,3
a9b6d6d14ac9550d,ena24,6511.jpg,3
a9b6d6d24ac9550d,ena24,6608.jpg,3
a9b6d6d24ac9550d,ena24,6609.jpg,3
a9b6d6d24ac9550d,ena24,6611.jpg,3
a9b6d6d34ac9450d,ena24,6606.jpg,2
a9b6d6d34ac9450d,ena24,6607.jpg,2
a9e903467fa34e51,ena24,223.jpg,2
a9e903467fa34e51,ena24,224.jpg,2
a9e903c17fee6601,ena24,286.jpg,3
a9e903c17fee6601,ena24,287.jpg,3
a9e903c17fee6601,ena24,288.jpg,3
a9e913447fa34e51,ena24,220.jpg,3
a9e913447fa34e51,ena24,221.jpg,3
a9e913447fa34e51,ena24,222.jpg,3
a9eb01557f826665,ena24,257.jpg,2
a9eb01557f826665,ena24,259.jpg,2
a9eb03c17fce6601,ena24,289.jpg,2
a9eb03c17fce6601,ena24,290.jpg,2
a9eb11577f036641,ena24,97.jpg,2
a9eb11577f036641,ena24,99.jpg,2
aa0c77c525d36e32,ena24,647.jpg,3
aa0c77c525d36e32,ena24,649.jpg,3
aa0c77c525d36e32,ena24,656.jpg,3
aa2c77c525da683a,ena24,660.jpg,2
aa2c77c525da683a,ena24,661.jpg,2
aa2c77c525db6832,ena24,657.jpg,2
aa2c77c525db6832,ena24,659.jpg,2
ab2858d5d4292ff2,ena24,7781.jpg,2
ab2858d5d4292ff2,ena24,7782.jpg,2
abe701c17dbf4604,ena24,235.jpg,6
abe701c17dbf4604,ena24,236.jpg,6
abe701c17dbf4604,ena24,237.jpg,6
abe701c17dbf4604,ena24,238.jpg,6
abe701c17dbf4604,ena24,239.jpg,6
abe701c17dbf4604,ena24,242.jpg,6
abe903c17fce6601,ena24,291.jpg,3
abe903c17fce6601,ena24,293.jpg,3
abe903c17fce6601,ena24,294.jpg,3
abeb01557f826661,ena24,254.jpg,3
abeb01557f826661,ena24,256.jpg,3
abeb01557f826661,ena24,258.jpg,3
abeb41c17fcb2601,ena24,143.jpg,2
abeb41c17fcb2601,ena24,147.jpg,2
abee01c87d334e85,ena24,83.jpg,2
abee01c87d334e85,ena24,84.jpg,2
abee03c87d334685,ena24,81.jpg,2
abee03c87d334685,ena24,82.jpg,2
abef41c17f834641,ena24,94.jpg,2
abef41c17f834641,ena24,95.jpg,2
ac219378738cb0fd,inaturalist,inat_141675855_242767473.jpg,2
ac219378738cb0fd,inaturalist,inat_141675855_242956068.jpg,2
ac8c4e64704d7fe1,ena24,5892.jpg,3
ac8c4e64704d7fe1,ena24,5893.jpg,3
ac8c4e64704d7fe1,ena24,5895.jpg,3
ac8c4f6470655fe1,ena24,5897.jpg,4
ac8c4f6470655fe1,ena24,5898.jpg,4
ac8c4f6470655fe1,ena24,5899.jpg,4
ac8c4f6470655fe1,ena24,5900.jpg,4
ac8c8deeae478a16,inaturalist,inat_152339767_262970656.jpg,2
ac8c8deeae478a16,inaturalist,inat_154433438_266844533.jpg,2
accc467c72837333,ena24,1592.jpg,2
accc467c72837333,ena24,1593.jpg,2
accc4c6672937333,ena24,1657.jpg,3
accc4c6672937333,ena24,1659.jpg,3
accc4c6672937333,ena24,1660.jpg,3
ace072b24c6c7aab,ena24,8110.jpg,2
ace072b24c6c7aab,ena24,8112.jpg,2
acec4c7650a37393,ena24,1598.jpg,2
acec4c7650a37393,ena24,1599.jpg,2
acec4c7670837393,ena24,1596.jpg,2
acec4c7670837393,ena24,1597.jpg,2
acec4e6c50a77323,ena24,1612.jpg,2
acec4e6c50a77323,ena24,1614.jpg,2
ad2dad049454b57d,ena24,6656.jpg,2
ad2dad049454b57d,ena24,6658.jpg,2
ad6cce1c70c37383,ena24,5863.jpg,2
ad6cce1c70c37383,ena24,5865.jpg,2
ad6e4c3c72827783,ena24,5869.jpg,2
ad6e4c3c72827783,ena24,5871.jpg,2
ad8c466d58a27373,ena24,5846.jpg,2
ad8c466d58a27373,ena24,5847.jpg,2
ad8c466d58a67363,ena24,5845.jpg,2
ad8c466d58a67363,ena24,5848.jpg,2
ad8c485c52b3739b,ena24,1585.jpg,2
ad8c485c52b3739b,ena24,1586.jpg,2
ad8c486e58337799,ena24,1583.jpg,2
ad8c486e58337799,ena24,1584.jpg,2
ad8c486e58b37699,ena24,1579.jpg,3
ad8c486e58b37699,ena24,1581.jpg,3
ad8c486e58b37699,ena24,1582.jpg,3
ad8c4a4f58237379,ena24,1624.jpg,2
ad8c4a4f58237379,ena24,1625.jpg,2
ad8c4a4f58337339,ena24,1627.jpg,2
ad8c4a4f58337339,ena24,1629.jpg,2
ad8c4c2550e377e9,ena24,1570.jpg,2
ad8c4c2550e377e9,ena24,1571.jpg,2
ad8c4c4c72b35b33,ena24,72.jpg,2
ad8c4c4c72b35b33,ena24,73.jpg,2
ad8c4c4e72a65b33,ena24,1663.jpg,3
ad8c4c4e72a65b33,ena24,1664.jpg,3
ad8c4c4e72a65b33,ena24,1666.jpg,3
ad8c4c4e72a75333,ena24,1667.jpg,3
ad8c4c4e72a75333,ena24,74.jpg,3
ad8c4c4e72a75333,ena24,75.jpg,3
adac462d50ab53ab,ena24,1628.jpg,2
adac462d50ab53ab,ena24,1630.jpg,2
adac4c4d72a35369,ena24,5886.jpg,2
adac4c4d72a35369,ena24,5887.jpg,2
adacc63c72b35423,ena24,1578.jpg,2
adacc63c72b35423,ena24,1580.jpg,2
adc05e3c58a347cb,ena24,1634.jpg,5
adc05e3c58a347cb,ena24,1635.jpg,5
adc05e3c58a347cb,ena24,1636.jpg,5
adc05e3c58a347cb,ena24,1637.jpg,5
adc05e3c58a347cb,ena24,1638.jpg,5
adc05e3c5ca3478b,ena24,1640.jpg,8
adc05e3c5ca3478b,ena24,1641.jpg,8
adc05e3c5ca3478b,ena24,1642.jpg,8
adc05e3c5ca3478b,ena24,1643.jpg,8
adc05e3c5ca3478b,ena24,1644.jpg,8
adc05e3c5ca3478b,ena24,1645.jpg,8
adc05e3c5ca3478b,ena24,1646.jpg,8
adc05e3c5ca3478b,ena24,1647.jpg,8
adcc4c7c50c6732b,ena24,1560.jpg,5
adcc4c7c50c6732b,ena24,1561.jpg,5
adcc4c7c50c6732b,ena24,1562.jpg,5
adcc4c7c50c6732b,ena24,1563.jpg,5
adcc4c7c50c6732b,ena24,1564.jpg,5
adce40275ca373a3,ena24,1671.jpg,2
adce40275ca373a3,ena24,1672.jpg,2
adeb03c17f836641,ena24,85.jpg,6
adeb03c17f836641,ena24,86.jpg,6
adeb03c17f836641,ena24,87.jpg,6
adeb03c17f836641,ena24,88.jpg,6
adeb03c17f836641,ena24,89.jpg,6
adeb03c17f836641,ena24,91.jpg,6
adec462d50a353ab,ena24,1631.jpg,2
adec462d50a353ab,ena24,1633.jpg,2
adec4c6c50b36731,ena24,77.jpg,2
adec4c6c50b36731,ena24,78.jpg,2
adeccc6c50837363,ena24,5883.jpg,2
adeccc6c50837363,ena24,5884.jpg,2
ae6103c17f9e6e84,ena24,319.jpg,2
ae6103c17f9e6e84,ena24,321.jpg,2
ae6103c17fde6e80,ena24,296.jpg,4
ae6103c17fde6e80,ena24,297.jpg,4
ae6103c17fde6e80,ena24,298.jpg,4
ae6103c17fde6e80,ena24,299.jpg,4
afeb01c17f836641,ena24,90.jpg,2
afeb01c17f836641,ena24,92.jpg,2
afeb01c17f9e6600,ena24,149.jpg,2
afeb01c17f9e6600,ena24,250.jpg,2
afeb01c17fda6600,ena24,146.jpg,10
afeb01c17fda6600,ena24,867.jpg,10
afeb01c17fda6600,ena24,868.jpg,10
afeb01c17fda6600,ena24,869.jpg,10
afeb01c17fda6600,ena24,870.jpg,10
afeb01c17fda6600,ena24,871.jpg,10
afeb01c17fda6600,ena24,872.jpg,10
afeb01c17fda6600,ena24,873.jpg,10
afeb01c17fda6600,ena24,874.jpg,10
afeb01c17fda6600,ena24,875.jpg,10
afeb41c17f9a6600,ena24,142.jpg,3
afeb41c17f9a6600,ena24,148.jpg,3
afeb41c17f9a6600,ena24,150.jpg,3
aff30385770a6e21,ena24,276.jpg,9
aff30385770a6e21,ena24,277.jpg,9
aff30385770a6e21,ena24,278.jpg,9
aff30385770a6e21,ena24,279.jpg,9
aff30385770a6e21,ena24,280.jpg,9
aff30385770a6e21,ena24,281.jpg,9
aff30385770a6e21,ena24,282.jpg,9
aff30385770a6e21,ena24,283.jpg,9
aff30385770a6e21,ena24,284.jpg,9
affb01c17f0262a5,ena24,114.jpg,10
affb01c17f0262a5,ena24,115.jpg,10
affb01c17f0262a5,ena24,116.jpg,10
affb01c17f0262a5,ena24,117.jpg,10
affb01c17f0262a5,ena24,118.jpg,10
affb01c17f0262a5,ena24,119.jpg,10
affb01c17f0262a5,ena24,120.jpg,10
affb01c17f0262a5,ena24,121.jpg,10
affb01c17f0262a5,ena24,122.jpg,10
affb01c17f0262a5,ena24,123.jpg,10
b0dbce24ecc86173,inaturalist,inat_224913815_398689035.jpg,2
b0dbce24ecc86173,inaturalist,inat_224913815_398689040.jpg,2
b1b94e965645694b,ena24,6624.jpg,6
b1b94e965645694b,ena24,6625.jpg,6
b1b94e965645694b,ena24,6626.jpg,6
b1b94e965645694b,ena24,6627.jpg,6
b1b94e965645694b,ena24,6629.jpg,6
b1b94e965645694b,ena24,6630.jpg,6
b2b60f094a6a37d5,ena24,1261.jpg,9
b2b60f094a6a37d5,ena24,1262.jpg,9
b2b60f094a6a37d5,ena24,1263.jpg,9
b2b60f094a6a37d5,ena24,1265.jpg,9
b2b60f094a6a37d5,ena24,1266.jpg,9
b2b60f094a6a37d5,ena24,1267.jpg,9
b2b60f094a6a37d5,ena24,1268.jpg,9
b2b60f094a6a37d5,ena24,1269.jpg,9
b2b60f094a6a37d5,ena24,1270.jpg,9
b2b6bd9d1c1c5a48,ena24,7001.jpg,3
b2b6bd9d1c1c5a48,ena24,7002.jpg,3
b2b6bd9d1c1c5a48,ena24,7003.jpg,3
b2e601c17d674fa4,ena24,184.jpg,3
b2e601c17d674fa4,ena24,185.jpg,3
b2e601c17d674fa4,ena24,186.jpg,3
b2f44f09526837d5,ena24,1245.jpg,6
b2f44f09526837d5,ena24,1246.jpg,6
b2f44f09526837d5,ena24,1247.jpg,6
b2f44f09526837d5,ena24,1248.jpg,6
b2f44f09526837d5,ena24,1249.jpg,6
b2f44f09526837d5,ena24,1250.jpg,6
b2f44f0d482a2dd7,ena24,1237.jpg,2
b2f44f0d482a2dd7,ena24,1239.jpg,2
b4a469563e2c6f89,ena24,8020.jpg,4
b4a469563e2c6f89,ena24,8022.jpg,4
b4a469563e2c6f89,ena24,8023.jpg,4
b4a469563e2c6f89,ena24,8024.jpg,4
b4b44f49486a2f97,ena24,1252.jpg,4
b4b44f49486a2f97,ena24,1257.jpg,4
b4b44f49486a2f97,ena24,1259.jpg,4
b4b44f49486a2f97,ena24,1260.jpg,4
b4b64f49486a2797,ena24,1255.jpg,2
b4b64f49486a2797,ena24,1256.jpg,2
b4e613416f324f66,ena24,179.jpg,2
b4e613416f324f66,ena24,180.jpg,2
b6b44d4b486a27d5,ena24,1251.jpg,2
b6b44d4b486a27d5,ena24,1253.jpg,2
b6c26d784cae5287,ena24,8026.jpg,2
b6c26d784cae5287,ena24,8027.jpg,2
b6eb01c17fde6600,ena24,154.jpg,2
b6eb01c17fde6600,ena24,157.jpg,2
b6eb03c17fde6200,ena24,155.jpg,2
b6eb03c17fde6200,ena24,158.jpg,2
b6f44d0d482a2dd7,ena24,1238.jpg,5
b6f44d0d482a2dd7,ena24,1240.jpg,5
b6f44d0d482a2dd7,ena24,1241.jpg,5
b6f44d0d482a2dd7,ena24,1242.jpg,5
b6f44d0d482a2dd7,ena24,1243.jpg,5
b6f44f09482a2dd7,ena24,1235.jpg,2
b6f44f09482a2dd7,ena24,1236.jpg,2
b82859d4c72b3ee2,ena24,7785.jpg,2
b82859d4c72b3ee2,ena24,7786.jpg,2
b9654e2473a25daa,ena24,1650.jpg,2
b9654e2473a25daa,ena24,1651.jpg,2
b9d3c3532c1ccd2a,inaturalist,inat_334559150_607587772.jpg,2
b9d3c3532c1ccd2a,inaturalist,inat_334662218_607792042.jpg,2
ba0c77c52cd16a3a,ena24,653.jpg,2
ba0c77c52cd16a3a,ena24,654.jpg,2
babaaed265355828,ena24,468.jpg,5
babaaed265355828,ena24,469.jpg,5
babaaed265355828,ena24,470.jpg,5
babaaed265355828,ena24,471.jpg,5
babaaed265355828,ena24,472.jpg,5
bd7c4a8555892e53,ena24,5664.jpg,3
bd7c4a8555892e53,ena24,5665.jpg,3
bd7c4a8555892e53,ena24,5666.jpg,3
bd7c4aa554c82d53,ena24,5654.jpg,2
bd7c4aa554c82d53,ena24,5655.jpg,2
bd7c4aa55cca2d41,ena24,5659.jpg,2
bd7c4aa55cca2d41,ena24,5660.jpg,2
bd7c4aa55dc82d41,ena24,5661.jpg,3
bd7c4aa55dc82d41,ena24,5662.jpg,3
bd7c4aa55dc82d41,ena24,5663.jpg,3
bf442cc16630739f,ena24,6963.jpg,2
bf442cc16630739f,ena24,6964.jpg,2
bf442dc16630739e,ena24,6957.jpg,3
bf442dc16630739e,ena24,6961.jpg,3
bf442dc16630739e,ena24,6962.jpg,3
c02f96553b469f51,ena24,7760.jpg,3
c02f96553b469f51,ena24,7762.jpg,3
c02f96553b469f51,ena24,7764.jpg,3
c02fb5d5686b4969,ena24,4446.jpg,3
c02fb5d5686b4969,ena24,4452.jpg,3
c02fb5d5686b4969,ena24,4453.jpg,3
c0602f4f7b927699,ena24,743.jpg,2
c0602f4f7b927699,ena24,744.jpg,2
c06f33df086db452,ena24,3112.jpg,2
c06f33df086db452,ena24,3113.jpg,2
c07e9938f304b877,ena24,3965.jpg,3
c07e9938f304b877,ena24,3966.jpg,3
c07e9938f304b877,ena24,3967.jpg,3
c07e9938f305b857,ena24,3962.jpg,2
c07e9938f305b857,ena24,3964.jpg,2
c080237b79a7687f,ena24,302.jpg,3
c080237b79a7687f,ena24,305.jpg,3
c080237b79a7687f,ena24,306.jpg,3
c080237b7b27687f,ena24,300.jpg,2
c080237b7b27687f,ena24,301.jpg,2
c080237b7da3687f,ena24,303.jpg,2
c080237b7da3687f,ena24,304.jpg,2
c080623b6f275c7f,ena24,3601.jpg,2
c080623b6f275c7f,ena24,3602.jpg,2
c080633b6f235c7f,ena24,3603.jpg,2
c080633b6f235c7f,ena24,3604.jpg,2
c080639b67275c7f,ena24,3600.jpg,2
c080639b67275c7f,ena24,3605.jpg,2
c080733b69276c7f,ena24,3594.jpg,2
c080733b69276c7f,ena24,3595.jpg,2
c080a0fb6d227b7f,ena24,196.jpg,2
c080a0fb6d227b7f,ena24,198.jpg,2
c080a0ff6d236a7f,ena24,190.jpg,7
c080a0ff6d236a7f,ena24,191.jpg,7
c080a0ff6d236a7f,ena24,192.jpg,7
c080a0ff6d236a7f,ena24,193.jpg,7
c080a0ff6d236a7f,ena24,194.jpg,7
c080a0ff6d236a7f,ena24,195.jpg,7
c080a0ff6d236a7f,ena24,197.jpg,7
c08287647dd34eed,ena24,476.jpg,2
c08287647dd34eed,ena24,477.jpg,2
c082876c7dd34ee5,ena24,478.jpg,4
c082876c7dd34ee5,ena24,479.jpg,4
c082876c7dd34ee5,ena24,480.jpg,4
c082876c7dd34ee5,ena24,481.jpg,4
c090a3eb39e12b3f,ena24,336.jpg,2
c090a3eb39e12b3f,ena24,337.jpg,2
c092a3c979e10f3f,ena24,340.jpg,2
c092a3c979e10f3f,ena24,341.jpg,2
c0a119f326cd7d0f,ena24,5521.jpg,3
c0a119f326cd7d0f,ena24,5525.jpg,3
c0a119f326cd7d0f,ena24,5528.jpg,3
c0c0663ff1d13a1f,ena24,244.jpg,2
c0c0663ff1d13a1f,ena24,245.jpg,2
c0c0beb760ef6e48,ena24,1306.jpg,3
c0c0beb760ef6e48,ena24,1307.jpg,3
c0c0beb760ef6e48,ena24,1308.jpg,3
c0d03c2f6bca3e36,ena24,8769.jpg,2
c0d03c2f6bca3e36,ena24,8770.jpg,2
c0d03f2fcb4a3e16,ena24,8728.jpg,4
c0d03f2fcb4a3e16,ena24,8729.jpg,4
c0d03f2fcb4a3e16,ena24,8730.jpg,4
c0d03f2fcb4a3e16,ena24,8731.jpg,4
c110d8cd65867e6f,ena24,8688.jpg,2
c110d8cd65867e6f,ena24,8691.jpg,2
c1201ecf6ef819e5,ena24,7515.jpg,2
c1201ecf6ef819e5,ena24,7516.jpg,2
c1201ecf6ef81de4,ena24,7513.jpg,2
c1201ecf6ef81de4,ena24,7514.jpg,2
c13f80d933c03fd3,ena24,3287.jpg,3
c13f80d933c03fd3,ena24,3291.jpg,3
c13f80d933c03fd3,ena24,3293.jpg,3
c13f9cc123cc3ec3,ena24,3336.jpg,2
c13f9cc123cc3ec3,ena24,3337.jpg,2
c13f9cc132c43fc3,ena24,3326.jpg,2
c13f9cc132c43fc3,ena24,3335.jpg,2
c13fc03dbb469847,ena24,7557.jpg,2
c13fc03dbb469847,ena24,7558.jpg,2
c141d636d94fb06e,ena24,7595.jpg,2
c141d636d94fb06e,ena24,7596.jpg,2
c1687c997ea06fe0,ena24,782.jpg,3
c1687c997ea06fe0,ena24,783.jpg,3
c1687c997ea06fe0,ena24,784.jpg,3
c1783e8f60f04fe1,ena24,3673.jpg,2
c1783e8f60f04fe1,ena24,3675.jpg,2
c17fb44bf834c348,ena24,4689.jpg,2
c17fb44bf834c348,ena24,4692.jpg,2
c1c06739561e3dda,ena24,8786.jpg,2
c1c06739561e3dda,ena24,8793.jpg,2
c1c38e3076a56d76,ena24,3700.jpg,2
c1c38e3076a56d76,ena24,3701.jpg,2
c1e0c1d53c1e3eae,ena24,517.jpg,3
c1e0c1d53c1e3eae,ena24,518.jpg,3
c1e0c1d53c1e3eae,ena24,519.jpg,3
c1e16acf1f927ac0,ena24,7605.jpg,2
c1e16acf1f927ac0,ena24,7606.jpg,2
c1e51eeb50163f64,ena24,379.jpg,2
c1e51eeb50163f64,ena24,380.jpg,2
c22279d93dc266e6,ena24,8928.jpg,3
c22279d93dc266e6,ena24,8929.jpg,3
c22279d93dc266e6,ena24,8931.jpg,3
c22bf4c966d84be4,ena24,7422.jpg,2
c22bf4c966d84be4,ena24,7423.jpg,2
c23974c239d86de3,ena24,4331.jpg,2
c23974c239d86de3,ena24,4339.jpg,2
c23e30c425e37fc9,ena24,3249.jpg,2
c23e30c425e37fc9,ena24,3250.jpg,2
c2a059d724cc3f3b,ena24,5526.jpg,3
c2a059d724cc3f3b,ena24,5530.jpg,3
c2a059d724cc3f3b,ena24,5532.jpg,3
c327dcc171c978cc,ena24,736.jpg,2
c327dcc171c978cc,ena24,737.jpg,2
c327dcc571c878cc,ena24,734.jpg,2
c327dcc571c878cc,ena24,735.jpg,2
c33f98c126cc3bc3,ena24,3328.jpg,2
c33f98c126cc3bc3,ena24,3330.jpg,2
c3632564ba99643f,ena24,5631.jpg,2
c3632564ba99643f,ena24,5632.jpg,2
c3632769ab98643d,ena24,5624.jpg,2
c3632769ab98643d,ena24,5625.jpg,2
c3c2713a0c3e3f87,ena24,8017.jpg,4
c3c2713a0c3e3f87,ena24,8018.jpg,4
c3c2713a0c3e3f87,ena24,8019.jpg,4
c3c2713a0c3e3f87,ena24,8021.jpg,4
c3c7702963ec1d39,ena24,9291.jpg,2
c3c7702963ec1d39,ena24,9293.jpg,2
c3e1494cb3b96e1c,ena24,5619.jpg,2
c3e1494cb3b96e1c,ena24,5620.jpg,2
c3e16160bc9f6e38,ena24,5611.jpg,2
c3e16160bc9f6e38,ena24,5612.jpg,2
c41259ec36c36fa6,ena24,8294.jpg,3
c41259ec36c36fa6,ena24,8295.jpg,3
c41259ec36c36fa6,ena24,8296.jpg,3
c41259ec67827f69,ena24,8654.jpg,2
c41259ec67827f69,ena24,8655.jpg,2
c434b37794569276,ena24,3177.jpg,2
c434b37794569276,ena24,3178.jpg,2
c434b3779456b25a,ena24,3172.jpg,2
c434b3779456b25a,ena24,3173.jpg,2
c4488ce77a87df60,ena24,5351.jpg,2
c4488ce77a87df60,ena24,5352.jpg,2
c4488ce77b83df60,ena24,5349.jpg,5
c4488ce77b83df60,ena24,5353.jpg,5
c4488ce77b83df60,ena24,5354.jpg,5
c4488ce77b83df60,ena24,5355.jpg,5
c4488ce77b83df60,ena24,5356.jpg,5
c4488ce77b87de60,ena24,5346.jpg,2
c4488ce77b87de60,ena24,5348.jpg,2
c466c01f7b33983b,ena24,3380.jpg,3
c466c01f7b33983b,ena24,3381.jpg,3
c466c01f7b33983b,ena24,3382.jpg,3
c46e073fbb46b850,ena24,2329.jpg,2
c46e073fbb46b850,ena24,2332.jpg,2
c46e873fbb44b850,ena24,2053.jpg,5
c46e873fbb44b850,ena24,2055.jpg,5
c46e873fbb44b850,ena24,2056.jpg,5
c46e873fbb44b850,ena24,2213.jpg,5
c46e873fbb44b850,ena24,2215.jpg,5
c4840f8a6e6a7ba7,ena24,7378.jpg,7
c4840f8a6e6a7ba7,ena24,7379.jpg,7
c4840f8a6e6a7ba7,ena24,7380.jpg,7
c4840f8a6e6a7ba7,ena24,7381.jpg,7
c4840f8a6e6a7ba7,ena24,7382.jpg,7
c4840f8a6e6a7ba7,ena24,7383.jpg,7
c4840f8a6e6a7ba7,ena24,7384.jpg,7
c492792c93c966b7,ena24,8536.jpg,2
c492792c93c966b7,ena24,8538.jpg,2
c4c423bf79a4285f,ena24,266.jpg,2
c4c423bf79a4285f,ena24,267.jpg,2
c4c4d419991f9577,ena24,1933.jpg,4
c4c4d419991f9577,ena24,1934.jpg,4
c4c4d419991f9577,ena24,1935.jpg,4
c4c4d419991f9577,ena24,1936.jpg,4
c4d49419991f95f5,ena24,3684.jpg,3
c4d49419991f95f5,ena24,3685.jpg,3
c4d49419991f95f5,ena24,3686.jpg,3
c4ede95ec123887c,ena24,7624.jpg,2
c4ede95ec123887c,ena24,7625.jpg,2
c4ef9176209b9966,ena24,9601.jpg,2
c4ef9176209b9966,ena24,9602.jpg,2
c5077de06548767a,ena24,7917.jpg,2
c5077de06548767a,ena24,7918.jpg,2
c510588a65cd7f37,ena24,8666.jpg,3
c510588a65cd7f37,ena24,8670.jpg,3
c510588a65cd7f37,ena24,8671.jpg,3
c534f48b33c46bb1,ena24,3629.jpg,4
c534f48b33c46bb1,ena24,3631.jpg,4
c534f48b33c46bb1,ena24,3632.jpg,4
c534f48b33c46bb1,ena24,3633.jpg,4
c54a301d1fe5839f,inaturalist,inat_48083699_76277498.jpg,2
c54a301d1fe5839f,inaturalist,inat_48083699_77737788.jpg,2
c567b0592adc9b46,ena24,2667.jpg,2
c567b0592adc9b46,ena24,2668.jpg,2
c56f8b1834558b75,ena24,7182.jpg,3
c56f8b1834558b75,ena24,7183.jpg,3
c56f8b1834558b75,ena24,7184.jpg,3
c5cbe86c8b2ae551,ena24,1410.jpg,2
c5cbe86c8b2ae551,ena24,1412.jpg,2
c5e313202d9c7e3e,ena24,5639.jpg,2
c5e313202d9c7e3e,ena24,5640.jpg,2
c624e8c97ac46fe8,ena24,4971.jpg,3
c624e8c97ac46fe8,ena24,4972.jpg,3
c624e8c97ac46fe8,ena24,4973.jpg,3
c626f0c93fd16d60,ena24,1838.jpg,3
c626f0c93fd16d60,ena24,1839.jpg,3
c626f0c93fd16d60,ena24,1847.jpg,3
c62e9963ee1ca853,ena24,1805.jpg,2
c62e9963ee1ca853,ena24,1806.jpg,2
c63e308525e37dc9,ena24,3251.jpg,2
c63e308525e37dc9,ena24,3252.jpg,2
c6663c886f6a3d89,ena24,7403.jpg,6
c6663c886f6a3d89,ena24,7404.jpg,6
c6663c886f6a3d89,ena24,7405.jpg,6
c6663c886f6a3d89,ena24,7406.jpg,6
c6663c886f6a3d89,ena24,7407.jpg,6
c6663c886f6a3d89,ena24,7408.jpg,6
c6785ec7798c3701,ena24,5371.jpg,2
c6785ec7798c3701,ena24,5374.jpg,2
c6f84666790d3d83,ena24,5389.jpg,2
c6f84666790d3d83,ena24,5390.jpg,2
c6f85e47712e3388,ena24,5316.jpg,3
c6f85e47712e3388,ena24,5317.jpg,3
c6f85e47712e3388,ena24,5318.jpg,3
c6f85e47730e3988,ena24,5314.jpg,2
c6f85e47730e3988,ena24,5315.jpg,2
c70f6ad29165c15e,ena24,9486.jpg,2
c70f6ad29165c15e,ena24,9487.jpg,2
c738f7ca35224ac5,ena24,3032.jpg,3
c738f7ca35224ac5,ena24,3034.jpg,3
c738f7ca35224ac5,ena24,3035.jpg,3
c73c98c3639c5cc3,ena24,7126.jpg,3
c73c98c3639c5cc3,ena24,7128.jpg,3
c73c98c3639c5cc3,ena24,7129.jpg,3
c767b05f0fd0c807,ena24,3225.jpg,3
c767b05f0fd0c807,ena24,3226.jpg,3
c767b05f0fd0c807,ena24,7712.jpg,3
c767fc18996f8148,ena24,9522.jpg,3
c767fc18996f8148,ena24,9524.jpg,3
c767fc18996f8148,ena24,9525.jpg,3
c76f0211b944be5e,ena24,2610.jpg,2
c76f0211b944be5e,ena24,2612.jpg,2
c7711cc739c6398c,ena24,7647.jpg,2
c7711cc739c6398c,ena24,7648.jpg,2
c7c3613963e15c3c,ena24,9271.jpg,2
c7c3613963e15c3c,ena24,9272.jpg,2
c7c38bc1cbe5606c,inaturalist,inat_101823394_170091049.jpg,2
c7c38bc1cbe5606c,inaturalist,inat_102298789_170973074.jpg,2
c7c3e48067e21d3e,ena24,9358.jpg,2
c7c3e48067e21d3e,ena24,9360.jpg,2
c7f03cc7c1147758,ena24,5264.jpg,3
c7f03cc7c1147758,ena24,5268.jpg,3
c7f03cc7c1147758,ena24,5276.jpg,3
c7f05e46780e3b89,ena24,5322.jpg,2
c7f05e46780e3b89,ena24,5323.jpg,2
c7f84f56782d2309,ena24,5253.jpg,2
c7f84f56782d2309,ena24,5254.jpg,2
c82fb1d2093df2c6,ena24,3197.jpg,5
c82fb1d2093df2c6,ena24,3199.jpg,5
c82fb1d2093df2c6,ena24,3201.jpg,5
c82fb1d2093df2c6,ena24,3202.jpg,5
c82fb1d2093df2c6,ena24,3203.jpg,5
c83dd19e718c54ab,ena24,7145.jpg,2
c83dd19e718c54ab,ena24,7147.jpg,2
c8e8e1d53d1c1f26,ena24,513.jpg,3
c8e8e1d53d1c1f26,ena24,514.jpg,3
c8e8e1d53d1c1f26,ena24,515.jpg,3
c92630cf75a666c9,ena24,2439.jpg,2
c92630cf75a666c9,ena24,2441.jpg,2
c928e6c669c96be2,ena24,4984.jpg,2
c928e6c669c96be2,ena24,4985.jpg,2
c92bb646ab1b894d,ena24,2985.jpg,2
c92bb646ab1b894d,ena24,2986.jpg,2
c932c34973cc6ee1,ena24,1689.jpg,2
c932c34973cc6ee1,ena24,1691.jpg,2
c932c34d73cc6ec1,ena24,1688.jpg,8
c932c34d73cc6ec1,ena24,1702.jpg,8
c932c34d73cc6ec1,ena24,1703.jpg,8
c932c34d73cc6ec1,ena24,1706.jpg,8
c932c34d73cc6ec1,ena24,1723.jpg,8
c932c34d73cc6ec1,ena24,1725.jpg,8
c932c34d73cc6ec1,ena24,1728.jpg,8
c932c34d73cc6ec1,ena24,1729.jpg,8
c932c3cc72cc6ec9,ena24,1710.jpg,2
c932c3cc72cc6ec9,ena24,1711.jpg,2
c932c74c73cc6ec1,ena24,1705.jpg,3
c932c74c73cc6ec1,ena24,1707.jpg,3
c932c74c73cc6ec1,ena24,1708.jpg,3
c932c7c972cc2ee1,ena24,1683.jpg,2
c932c7c972cc2ee1,ena24,1685.jpg,2
c932d3c833cc6ee1,ena24,1738.jpg,2
c932d3c833cc6ee1,ena24,1739.jpg,2
c932d74933cc3ec1,ena24,1693.jpg,2
c932d74933cc3ec1,ena24,1696.jpg,2
c932d7c872cc2ee1,ena24,1682.jpg,2
c932d7c872cc2ee1,ena24,1687.jpg,2
c932de4873cc3ec1,ena24,1675.jpg,4
c932de4873cc3ec1,ena24,1678.jpg,4
c932de4873cc3ec1,ena24,1680.jpg,4
c932de4873cc3ec1,ena24,1681.jpg,4
c932dec873cc3cc1,ena24,1676.jpg,2
c932dec873cc3cc1,ena24,1677.jpg,2
c932dfc872cc2ec1,ena24,1748.jpg,2
c932dfc872cc2ec1,ena24,1764.jpg,2
c936de4173cc2fc0,ena24,1800.jpg,2
c936de4173cc2fc0,ena24,1801.jpg,2
c96d9638e54c9336,ena24,697.jpg,3
c96d9638e54c9336,ena24,698.jpg,3
c96d9638e54c9336,ena24,699.jpg,3
ca212dcef2ec6d81,ena24,2258.jpg,2
ca212dcef2ec6d81,ena24,2260.jpg,2
ca23d5f02ccd719c,ena24,6471.jpg,4
ca23d5f02ccd719c,ena24,6472.jpg,4
ca23d5f02ccd719c,ena24,6477.jpg,4
ca23d5f02ccd719c,ena24,6479.jpg,4
ca2ec912926d9a77,ena24,8065.jpg,3
ca2ec912926d9a77,ena24,8072.jpg,3
ca2ec912926d9a77,ena24,8073.jpg,3
ca3dd18e718e54a3,ena24,7143.jpg,2
ca3dd18e718e54a3,ena24,7146.jpg,2
cadc6aa71dc846aa,ena24,1294.jpg,2
cadc6aa71dc846aa,ena24,1296.jpg,2
cadc6ba21ccd62aa,ena24,1289.jpg,2
cadc6ba21ccd62aa,ena24,1290.jpg,2
cb0b9b4b914bc17c,ena24,1486.jpg,2
cb0b9b4b914bc17c,ena24,1488.jpg,2
cb0bec607ac064ef,ena24,3902.jpg,2
cb0bec607ac064ef,ena24,3903.jpg,2
cb0bec707ac064eb,ena24,3899.jpg,2
cb0bec707ac064eb,ena24,3907.jpg,2
cb2038cff6866cc3,ena24,1950.jpg,2
cb2038cff6866cc3,ena24,1953.jpg,2
cb203ccf76e06cc3,ena24,1978.jpg,3
cb203ccf76e06cc3,ena24,1980.jpg,3
cb203ccf76e06cc3,ena24,1981.jpg,3
cb209df130cf611f,ena24,6442.jpg,2
cb209df130cf611f,ena24,6443.jpg,2
cb20bcce65c07dcc,ena24,6996.jpg,2
cb20bcce65c07dcc,ena24,6998.jpg,2
cb2238cf76866ec1,ena24,2420.jpg,2
cb2238cf76866ec1,ena24,2421.jpg,2
cb2238cf768e6cc2,ena24,1958.jpg,2
cb2238cf768e6cc2,ena24,1960.jpg,2
cb2238cf76926ec1,ena24,2418.jpg,3
cb2238cf76926ec1,ena24,2422.jpg,3
cb2238cf76926ec1,ena24,2423.jpg,3
cb223ccf738c6cc1,ena24,2078.jpg,2
cb223ccf738c6cc1,ena24,2079.jpg,2
cb223ccf76887ec0,ena24,2005.jpg,2
cb223ccf76887ec0,ena24,2019.jpg,2
cb2338cc76c366e1,ena24,2359.jpg,2
cb2338cc76c366e1,ena24,2463.jpg,2
cb2338cc77a27cc1,ena24,2072.jpg,2
cb2338cc77a27cc1,ena24,2074.jpg,2
cb2338ce67887ec1,ena24,2291.jpg,2
cb2338ce67887ec1,ena24,2292.jpg,2
cb2338cee7c17c88,ena24,2415.jpg,2
cb2338cee7c17c88,ena24,2416.jpg,2
cb2338cf738c6cc1,ena24,2182.jpg,3
cb2338cf738c6cc1,ena24,2184.jpg,3
cb2338cf738c6cc1,ena24,2226.jpg,3
cb242d9a72cd6e92,ena24,2489.jpg,2
cb242d9a72cd6e92,ena24,2490.jpg,2
cb262ccf72cc6c83,ena24,2404.jpg,2
cb262ccf72cc6c83,ena24,2405.jpg,2
cb2fe04c64b272e6,ena24,3561.jpg,3
cb2fe04c64b272e6,ena24,3563.jpg,3
cb2fe04c64b272e6,ena24,3566.jpg,3
cb2fe1cc6c9062e6,ena24,3497.jpg,2
cb2fe1cc6c9062e6,ena24,3499.jpg,2
cb2fe44c649272e6,ena24,3562.jpg,2
cb2fe44c649272e6,ena24,3565.jpg,2
cb303cce72cd6ea0,ena24,2130.jpg,2
cb303cce72cd6ea0,ena24,2131.jpg,2
cb303dca76c56ec0,ena24,1991.jpg,2
cb303dca76c56ec0,ena24,1992.jpg,2
cb463c1967f96e20,ena24,2532.jpg,2
cb463c1967f96e20,ena24,2535.jpg,2
cc2cb37360ce66e4,ena24,9063.jpg,3
cc2cb37360ce66e4,ena24,9064.jpg,3
cc2cb37360ce66e4,ena24,9065.jpg,3
cc4cc84cc91f976e,ena24,9582.jpg,2
cc4cc84cc91f976e,ena24,9586.jpg,2
cc4f839d7ec84383,ena24,5187.jpg,2
cc4f839d7ec84383,ena24,5190.jpg,2
cc5b11b976ce2e81,ena24,2906.jpg,2
cc5b11b976ce2e81,ena24,2907.jpg,2
cc5b11b976ce2ea0,ena24,2897.jpg,2
cc5b11b976ce2ea0,ena24,2904.jpg,2
cce167d8191e760d,ena24,8100.jpg,2
cce167d8191e760d,ena24,8101.jpg,2
cd2a788d75ca64a5,ena24,2391.jpg,2
cd2a788d75ca64a5,ena24,2392.jpg,2
cd319b5b803d906f,ena24,7953.jpg,3
cd319b5b803d906f,ena24,7954.jpg,3
cd319b5b803d906f,ena24,7956.jpg,3
cd49d974b167803e,ena24,7564.jpg,2
cd49d974b167803e,ena24,7565.jpg,2
cdcfff78383060c0,ena24,7469.jpg,3
cdcfff78383060c0,ena24,7470.jpg,3
cdcfff78383060c0,ena24,7471.jpg,3
ce19f8c670ec6631,ena24,5501.jpg,2
ce19f8c670ec6631,ena24,5509.jpg,2
ce1df8c6702c6671,ena24,5507.jpg,3
ce1df8c6702c6671,ena24,5510.jpg,3
ce1df8c6702c6671,ena24,5511.jpg,3
ce20f8ce67886fc1,ena24,7072.jpg,3
ce20f8ce67886fc1,ena24,7073.jpg,3
ce20f8ce67886fc1,ena24,7074.jpg,3
ce20f8ce67886fc8,ena24,7070.jpg,3
ce20f8ce67886fc8,ena24,7071.jpg,3
ce20f8ce67886fc8,ena24,7076.jpg,3
ce2139ce66b16ec2,ena24,2234.jpg,2
ce2139ce66b16ec2,ena24,2241.jpg,2
ce2139ce66b16ec4,ena24,2237.jpg,3
ce2139ce66b16ec4,ena24,2239.jpg,3
ce2139ce66b16ec4,ena24,2240.jpg,3
ce21dbce24c86ec3,ena24,7008.jpg,2
ce21dbce24c86ec3,ena24,7010.jpg,2
ce21dbce24c966c3,ena24,7011.jpg,2
ce21dbce24c966c3,ena24,7012.jpg,2
ce2229cff68a6d81,ena24,2171.jpg,2
ce2229cff68a6d81,ena24,2204.jpg,2
ce2631c3e4cc6cb3,ena24,2376.jpg,2
ce2631c3e4cc6cb3,ena24,2377.jpg,2
ce29b14eeed039c4,ena24,5808.jpg,6
ce29b14eeed039c4,ena24,5809.jpg,6
ce29b14eeed039c4,ena24,5810.jpg,6
ce29b14eeed039c4,ena24,5812.jpg,6
ce29b14eeed039c4,ena24,5814.jpg,6
ce29b14eeed039c4,ena24,5817.jpg,6
ce2ab14eeed039c4,ena24,5815.jpg,2
ce2ab14eeed039c4,ena24,5816.jpg,2
ce2be1c363e0c7c2,ena24,4364.jpg,2
ce2be1c363e0c7c2,ena24,4365.jpg,2
ce3138ce71cc6ea1,ena24,1998.jpg,2
ce3138ce71cc6ea1,ena24,2247.jpg,2
ce3a31cc6ca06fa3,ena24,1203.jpg,2
ce3a31cc6ca06fa3,ena24,1205.jpg,2
ce6a20957feb0334,ena24,1184.jpg,2
ce6a20957feb0334,ena24,1185.jpg,2
cee271184c1e2f8f,ena24,8004.jpg,2
cee271184c1e2f8f,ena24,8005.jpg,2
cef84e63798e3380,ena24,5360.jpg,5
cef84e63798e3380,ena24,5361.jpg,5
cef84e63798e3380,ena24,5363.jpg,5
cef84e63798e3380,ena24,5365.jpg,5
cef84e63798e3380,ena24,5366.jpg,5
cf20b8ce67c07dc8,ena24,6999.jpg,2
cf20b8ce67c07dc8,ena24,7000.jpg,2
cf20e4cc79896ee4,ena24,4977.jpg,3
cf20e4cc79896ee4,ena24,4978.jpg,3
cf20e4cc79896ee4,ena24,4979.jpg,3
cf2238ce67887cc3,ena24,2309.jpg,2
cf2238ce67887cc3,ena24,2310.jpg,2
cf2238cf75ca6681,ena24,2482.jpg,2
cf2238cf75ca6681,ena24,2483.jpg,2
cf2338cc77a27cc0,ena24,2071.jpg,2
cf2338cc77a27cc0,ena24,2073.jpg,2
cf2338cc77c36e80,ena24,2266.jpg,3
cf2338cc77c36e80,ena24,2267.jpg,3
cf2338cc77c36e80,ena24,2268.jpg,3
cf2338ce75886ec1,ena24,2264.jpg,4
cf2338ce75886ec1,ena24,2342.jpg,4
cf2338ce75886ec1,ena24,2343.jpg,4
cf2338ce75886ec1,ena24,2344.jpg,4
cf28f4ce2ee06cc2,ena24,3365.jpg,3
cf28f4ce2ee06cc2,ena24,3366.jpg,3
cf28f4ce2ee06cc2,ena24,3367.jpg,3
cf2a388f76ca6c82,ena24,2396.jpg,2
cf2a388f76ca6c82,ena24,2397.jpg,2
cf2b388675ca6e81,ena24,2399.jpg,2
cf2b388675ca6e81,ena24,2400.jpg,2
cf3038c7679866c3,ena24,2314.jpg,2
cf3038c7679866c3,ena24,2315.jpg,2
cf3038c7f038e7c1,ena24,2192.jpg,2
cf3038c7f038e7c1,ena24,2193.jpg,2
cf3038cf72cc66e0,ena24,2116.jpg,2
cf3038cf72cc66e0,ena24,2118.jpg,2
cf67b05d0f70c807,ena24,7716.jpg,2
cf67b05d0f70c807,ena24,7717.jpg,2
cf6ad0c575c02dd1,ena24,5651.jpg,2
cf6ad0c575c02dd1,ena24,5652.jpg,2
cf6ad0c575c229d1,ena24,5649.jpg,2
cf6ad0c575c229d1,ena24,5650.jpg,2
cf6c38c1e4c3ed82,ena24,5585.jpg,4
cf6c38c1e4c3ed82,ena24,5586.jpg,4
cf6c38c1e4c3ed82,ena24,5587.jpg,4
cf6c38c1e4c3ed82,ena24,5588.jpg,4
d01070ae03e37fe7,ena24,8453.jpg,3
d01070ae03e37fe7,ena24,8460.jpg,3
d01070ae03e37fe7,ena24,8462.jpg,3
d010748629637fef,ena24,8239.jpg,2
d010748629637fef,ena24,8240.jpg,2
d0107c8001ff7fe7,ena24,8512.jpg,2
d0107c8001ff7fe7,ena24,8513.jpg,2
d0107c8e07e07fe7,ena24,8583.jpg,3
d0107c8e07e07fe7,ena24,8584.jpg,3
d0107c8e07e07fe7,ena24,8585.jpg,3
d0107e8001ff7fe5,ena24,8509.jpg,2
d0107e8001ff7fe5,ena24,8510.jpg,2
d01660b807e37be7,ena24,8524.jpg,3
d01660b807e37be7,ena24,8526.jpg,3
d01660b807e37be7,ena24,8527.jpg,3
d018669c38e3676f,ena24,8196.jpg,2
d018669c38e3676f,ena24,8199.jpg,2
d01c4cb079e76e69,ena24,8205.jpg,3
d01c4cb079e76e69,ena24,8208.jpg,3
d01c4cb079e76e69,ena24,8209.jpg,3
d01c5ca263c67f63,ena24,8211.jpg,4
d01c5ca263c67f63,ena24,8217.jpg,4
d01c5ca263c67f63,ena24,8218.jpg,4
d01c5ca263c67f63,ena24,8219.jpg,4
d026f189779c0ef2,ena24,6873.jpg,2
d026f189779c0ef2,ena24,6874.jpg,2
d026f18977bc0ef0,ena24,6867.jpg,2
d026f18977bc0ef0,ena24,6869.jpg,2
d026fdc9739c82f0,ena24,6898.jpg,2
d026fdc9739c82f0,ena24,6900.jpg,2
d027f18977980ff0,ena24,6863.jpg,3
d027f18977980ff0,ena24,6864.jpg,3
d027f18977980ff0,ena24,6866.jpg,3
d027f18d339c0ef2,ena24,6887.jpg,2
d027f18d339c0ef2,ena24,6889.jpg,2
d02868d4d52b7bd3,ena24,7841.jpg,2
d02868d4d52b7bd3,ena24,7843.jpg,2
d03e9b4d22d78b46,ena24,3238.jpg,2
d03e9b4d22d78b46,ena24,3239.jpg,2
d0585ca226ce776b,ena24,8259.jpg,2
d0585ca226ce776b,ena24,8260.jpg,2
d05c78806fe362e7,ena24,8365.jpg,2
d05c78806fe362e7,ena24,8405.jpg,2
d05c7c806fe760a7,ena24,8354.jpg,2
d05c7c806fe760a7,ena24,8355.jpg,2
d060e3cf231c6ce7,ena24,9461.jpg,2
d060e3cf231c6ce7,ena24,9463.jpg,2
d062e1893f988ff2,ena24,6842.jpg,5
d062e1893f988ff2,ena24,6843.jpg,5
d062e1893f988ff2,ena24,6844.jpg,5
d062e1893f988ff2,ena24,6845.jpg,5
d062e1893f988ff2,ena24,6850.jpg,5
d062e3893fb20ef8,ena24,6832.jpg,4
d062e3893fb20ef8,ena24,6834.jpg,4
d062e3893fb20ef8,ena24,6835.jpg,4
d062e3893fb20ef8,ena24,6836.jpg,4
d062f1893f980ff2,ena24,6807.jpg,7
d062f1893f980ff2,ena24,6808.jpg,7
d062f1893f980ff2,ena24,6809.jpg,7
d062f1893f980ff2,ena24,6822.jpg,7
d062f1893f980ff2,ena24,6823.jpg,7
d062f1893f980ff2,ena24,6840.jpg,7
d062f1893f980ff2,ena24,6846.jpg,7
d062f1893f981be6,ena24,6814.jpg,3
d062f1893f981be6,ena24,6839.jpg,3
d062f1893f981be6,ena24,6857.jpg,3
d062f1893f981bf4,ena24,6838.jpg,2
d062f1893f981bf4,ena24,6856.jpg,2
d062f1893f981ef2,ena24,6811.jpg,3
d062f1893f981ef2,ena24,6841.jpg,3
d062f1893f981ef2,ena24,6847.jpg,3
d062f3893fb20ef0,ena24,6831.jpg,2
d062f3893fb20ef0,ena24,6833.jpg,2
d063e1893f980ff2,ena24,6824.jpg,7
d063e1893f980ff2,ena24,6825.jpg,7
d063e1893f980ff2,ena24,6826.jpg,7
d063e1893f980ff2,ena24,6851.jpg,7
d063e1893f980ff2,ena24,6852.jpg,7
d063e1893f980ff2,ena24,6853.jpg,7
d063e1893f980ff2,ena24,6855.jpg,7
d0787c806fe360e7,ena24,8351.jpg,3
d0787c806fe360e7,ena24,8352.jpg,3
d0787c806fe360e7,ena24,8353.jpg,3
d07c8567219d857e,ena24,1450.jpg,2
d07c8567219d857e,ena24,1451.jpg,2
d07c8567219f057e,ena24,1447.jpg,2
d07c8567219f057e,ena24,1449.jpg,2
d09074d629437fad,ena24,8167.jpg,2
d09074d629437fad,ena24,8168.jpg,2
d09470a249637f7b,ena24,8158.jpg,2
d09470a249637f7b,ena24,8159.jpg,2
d0c03f2dc34a3eb6,ena24,8733.jpg,2
d0c03f2dc34a3eb6,ena24,8735.jpg,2
d0c03f2fc24a3eb6,ena24,8734.jpg,2
d0c03f2fc24a3eb6,ena24,8736.jpg,2
d0c0c0c86fef3e3a,ena24,6795.jpg,10
d0c0c0c86fef3e3a,ena24,6796.jpg,10
d0c0c0c86fef3e3a,ena24,6797.jpg,10
d0c0c0c86fef3e3a,ena24,6798.jpg,10
d0c0c0c86fef3e3a,ena24,6799.jpg,10
d0c0c0c86fef3e3a,ena24,6800.jpg,10
d0c0c0c86fef3e3a,ena24,6801.jpg,10
d0c0c0c86fef3e3a,ena24,6802.jpg,10
d0c0c0c86fef3e3a,ena24,6803.jpg,10
d0c0c0c86fef3e3a,ena24,6804.jpg,10
d0c8e8e04f763b33,ena24,8775.jpg,2
d0c8e8e04f763b33,ena24,8777.jpg,2
d0d06ca429c76eed,ena24,8232.jpg,2
d0d06ca429c76eed,ena24,8233.jpg,2
d0d4ad2b2b4a5ed4,ena24,8759.jpg,6
d0d4ad2b2b4a5ed4,ena24,8760.jpg,6
d0d4ad2b2b4a5ed4,ena24,8761.jpg,6
d0d4ad2b2b4a5ed4,ena24,8762.jpg,6
d0d4ad2b2b4a5ed4,ena24,8763.jpg,6
d0d4ad2b2b4a5ed4,ena24,8768.jpg,6
d0d4ad2d2b4a5ed4,ena24,8764.jpg,4
d0d4ad2d2b4a5ed4,ena24,8765.jpg,4
d0d4ad2d2b4a5ed4,ena24,8766.jpg,4
d0d4ad2d2b4a5ed4,ena24,8767.jpg,4
d0d85ca226ce7763,ena24,8257.jpg,2
d0d85ca226ce7763,ena24,8258.jpg,2
d0d8c8e04f663f1b,ena24,8771.jpg,3
d0d8c8e04f663f1b,ena24,8772.jpg,3
d0d8c8e04f663f1b,ena24,8774.jpg,3
d11064ae11e37fe6,ena24,8639.jpg,3
d11064ae11e37fe6,ena24,8640.jpg,3
d11064ae11e37fe6,ena24,8642.jpg,3
d1106caa23e37fe4,ena24,8628.jpg,3
d1106caa23e37fe4,ena24,8629.jpg,3
d1106caa23e37fe4,ena24,8630.jpg,3
d11070a803e77fe7,ena24,8521.jpg,2
d11070a803e77fe7,ena24,8523.jpg,2
d11070aa23e377e7,ena24,8442.jpg,3
d11070aa23e377e7,ena24,8447.jpg,3
d11070aa23e377e7,ena24,8450.jpg,3
d1107c8e21637fe6,ena24,8580.jpg,2
d1107c8e21637fe6,ena24,8582.jpg,2
d11864aa11e37fe6,ena24,8638.jpg,2
d11864aa11e37fe6,ena24,8641.jpg,2
d1187c8807e77fe0,ena24,8594.jpg,3
d1187c8807e77fe0,ena24,8596.jpg,3
d1187c8807e77fe0,ena24,8597.jpg,3
d118960ece3e934f,ena24,692.jpg,2
d118960ece3e934f,ena24,693.jpg,2
d11c4c9071e76e6b,ena24,8215.jpg,5
d11c4c9071e76e6b,ena24,8222.jpg,5
d11c4c9071e76e6b,ena24,8223.jpg,5
d11c4c9071e76e6b,ena24,8224.jpg,5
d11c4c9071e76e6b,ena24,8225.jpg,5
d13e9a67e51ca065,ena24,7888.jpg,2
d13e9a67e51ca065,ena24,7891.jpg,2
d13ec1cc3be06ec1,ena24,7521.jpg,4
d13ec1cc3be06ec1,ena24,7523.jpg,4
d13ec1cc3be06ec1,ena24,7524.jpg,4
d13ec1cc3be06ec1,ena24,7526.jpg,4
d13fa4e70a79a0c6,ena24,3973.jpg,2
d13fa4e70a79a0c6,ena24,3975.jpg,2
d15070836cc377e7,ena24,8356.jpg,2
d15070836cc377e7,ena24,8357.jpg,2
d150708827c377ef,ena24,8413.jpg,2
d150708827c377ef,ena24,8415.jpg,2
d15070a823e377e7,ena24,8335.jpg,3
d15070a823e377e7,ena24,8337.jpg,3
d15070a823e377e7,ena24,8338.jpg,3
d15070a827c377e7,ena24,8336.jpg,7
d15070a827c377e7,ena24,8366.jpg,7
d15070a827c377e7,ena24,8367.jpg,7
d15070a827c377e7,ena24,8368.jpg,7
d15070a827c377e7,ena24,8369.jpg,7
d15070a827c377e7,ena24,8370.jpg,7
d15070a827c377e7,ena24,8371.jpg,7
d15070aa29c377e7,ena24,8436.jpg,2
d15070aa29c377e7,ena24,8437.jpg,2
d15070ae20e377e7,ena24,8377.jpg,2
d15070ae20e377e7,ena24,8378.jpg,2
d15470ac49c37767,ena24,8147.jpg,3
d15470ac49c37767,ena24,8148.jpg,3
d15470ac49c37767,ena24,8149.jpg,3
d15478804fef60e7,ena24,8561.jpg,2
d15478804fef60e7,ena24,8563.jpg,2
d1547cac5bc36646,ena24,8154.jpg,3
d1547cac5bc36646,ena24,8155.jpg,3
d1547cac5bc36646,ena24,8156.jpg,3
d16e9438b947a857,ena24,7431.jpg,3
d16e9438b947a857,ena24,7435.jpg,3
d16e9438b947a857,ena24,7436.jpg,3
d1945ca262ce7763,ena24,8237.jpg,2
d1945ca262ce7763,ena24,8247.jpg,2
d1e14340bc987e5f,ena24,5614.jpg,4
d1e14340bc987e5f,ena24,5615.jpg,4
d1e14340bc987e5f,ena24,5616.jpg,4
d1e14340bc987e5f,ena24,5617.jpg,4
d2076092ee786ff0,ena24,3687.jpg,8
d2076092ee786ff0,ena24,3689.jpg,8
d2076092ee786ff0,ena24,3690.jpg,8
d2076092ee786ff0,ena24,3691.jpg,8
d2076092ee786ff0,ena24,3692.jpg,8
d2076092ee786ff0,ena24,3693.jpg,8
d2076092ee786ff0,ena24,3694.jpg,8
d2076092ee786ff0,ena24,3695.jpg,8
d213db1b9f4f8848,ena24,7599.jpg,2
d213db1b9f4f8848,ena24,7600.jpg,2
d22bf4c967d04be0,ena24,7419.jpg,2
d22bf4c967d04be0,ena24,7421.jpg,2
d22fc5e13c8378a9,ena24,558.jpg,2
d22fc5e13c8378a9,ena24,559.jpg,2
d22fd9b034c824fb,ena24,5555.jpg,5
d22fd9b034c824fb,ena24,5557.jpg,5
d22fd9b034c824fb,ena24,5558.jpg,5
d22fd9b034c824fb,ena24,5559.jpg,5
d22fd9b034c824fb,ena24,5560.jpg,5
d25a9858ac6ea36d,ena24,1327.jpg,3
d25a9858ac6ea36d,ena24,1328.jpg,3
d25a9858ac6ea36d,ena24,1329.jpg,3
d266628f396d78a8,ena24,810.jpg,5
d266628f396d78a8,ena24,811.jpg,5
d266628f396d78a8,ena24,812.jpg,5
d266628f396d78a8,ena24,813.jpg,5
d266628f396d78a8,ena24,814.jpg,5
d272fa50d87c983c,ena24,7664.jpg,3
d272fa50d87c983c,ena24,7665.jpg,3
d272fa50d87c983c,ena24,7666.jpg,3
d281d9e62ccc6763,ena24,5551.jpg,2
d281d9e62ccc6763,ena24,5553.jpg,2
d295748a61636e4f,ena24,8162.jpg,2
d295748a61636e4f,ena24,8163.jpg,2
d31878a209cc77e7,ena24,8529.jpg,2
d31878a209cc77e7,ena24,8531.jpg,2
d353f14d826ea568,ena24,7911.jpg,2
d353f14d826ea568,ena24,7912.jpg,2
d3a5b24963c02d7b,ena24,9285.jpg,2
d3a5b24963c02d7b,ena24,9286.jpg,2
d3aa24693b1f6ec0,ena24,8751.jpg,3
d3aa24693b1f6ec0,ena24,8753.jpg,3
d3aa24693b1f6ec0,ena24,8754.jpg,3
d3d3f36782678160,ena24,7904.jpg,3
d3d3f36782678160,ena24,7906.jpg,3
d3d3f36782678160,ena24,7908.jpg,3
d3e2f28f092d7889,ena24,818.jpg,3
d3e2f28f092d7889,ena24,819.jpg,3
d3e2f28f092d7889,ena24,820.jpg,3
d410598866ce7f2f,ena24,8683.jpg,2
d410598866ce7f2f,ena24,8684.jpg,2
d410598966c67f2f,ena24,8717.jpg,2
d410598966c67f2f,ena24,8719.jpg,2
d410598966ce7f2b,ena24,8685.jpg,3
d410598966ce7f2b,ena24,8686.jpg,3
d410598966ce7f2b,ena24,8687.jpg,3
d41059cc66c97f66,ena24,8663.jpg,3
d41059cc66c97f66,ena24,8664.jpg,3
d41059cc66c97f66,ena24,8665.jpg,3
d41061a82fa777e9,ena24,8626.jpg,2
d41061a82fa777e9,ena24,8627.jpg,2
d41061bc29c37fec,ena24,8620.jpg,3
d41061bc29c37fec,ena24,8621.jpg,3
d41061bc29c37fec,ena24,8622.jpg,3
d41070ac2ce377e7,ena24,8448.jpg,2
d41070ac2ce377e7,ena24,8451.jpg,2
d41078e229c277ef,ena24,8252.jpg,2
d41078e229c277ef,ena24,8253.jpg,2
d41c70880fe677e6,ena24,8588.jpg,3
d41c70880fe677e6,ena24,8589.jpg,3
d41c70880fe677e6,ena24,8590.jpg,3
d436935caad7884e,ena24,3227.jpg,2
d436935caad7884e,ena24,3229.jpg,2
d4369b5ca8d58b46,ena24,3231.jpg,2
d4369b5ca8d58b46,ena24,3232.jpg,2
d4369b5ca8d7884e,ena24,3230.jpg,2
d4369b5ca8d7884e,ena24,3233.jpg,2
d436aadeaa558964,ena24,3118.jpg,2
d436aadeaa558964,ena24,3119.jpg,2
d4507ca821c377e7,ena24,8342.jpg,3
d4507ca821c377e7,ena24,8343.jpg,3
d4507ca821c377e7,ena24,8347.jpg,3
d4587ca6614a77c9,ena24,8276.jpg,2
d4587ca6614a77c9,ena24,8277.jpg,2
d45ef947862cf04c,ena24,8012.jpg,2
d45ef947862cf04c,ena24,8014.jpg,2
d464639178e60f3b,ena24,1025.jpg,4
d464639178e60f3b,ena24,1026.jpg,4
d464639178e60f3b,ena24,1027.jpg,4
d464639178e60f3b,ena24,1028.jpg,4
d466668f194f78c8,ena24,109.jpg,3
d466668f194f78c8,ena24,110.jpg,3
d466668f194f78c8,ena24,111.jpg,3
d4675c817e64558b,ena24,3284.jpg,2
d4675c817e64558b,ena24,3285.jpg,2
d4675c897a64558b,ena24,3282.jpg,2
d4675c897a64558b,ena24,3283.jpg,2
d46bcb863c68669c,ena24,3652.jpg,2
d46bcb863c68669c,ena24,3655.jpg,2
d476b65eca569054,ena24,7695.jpg,2
d476b65eca569054,ena24,7697.jpg,2
d49071a649637f4d,ena24,8177.jpg,3
d49071a649637f4d,ena24,8178.jpg,3
d49071a649637f4d,ena24,8179.jpg,3
d4b478a338462fd9,ena24,1431.jpg,2
d4b478a338462fd9,ena24,1432.jpg,2
d510588865ce7f67,ena24,8678.jpg,2
d510588865ce7f67,ena24,8679.jpg,2
d510708f0fe067e7,ena24,8593.jpg,2
d510708f0fe067e7,ena24,8595.jpg,2
d51072a90dc27bed,ena24,8548.jpg,3
d51072a90dc27bed,ena24,8549.jpg,3
d51072a90dc27bed,ena24,8550.jpg,3
d515916ea95d8167,ena24,7532.jpg,2
d515916ea95d8167,ena24,7534.jpg,2
d5259a64b85e817e,ena24,7631.jpg,3
d5259a64b85e817e,ena24,7632.jpg,3
d5259a64b85e817e,ena24,7635.jpg,3
d52bc1946ac4b7ca,ena24,1790.jpg,2
d52bc1946ac4b7ca,ena24,1791.jpg,2
d5656cdcd12a29f0,ena24,1319.jpg,3
d5656cdcd12a29f0,ena24,1321.jpg,3
d5656cdcd12a29f0,ena24,1323.jpg,3
d5941e6a43857b6a,ena24,44.jpg,3
d5941e6a43857b6a,ena24,45.jpg,3
d5941e6a43857b6a,ena24,46.jpg,3
d5951a6a6385796a,ena24,41.jpg,2
d5951a6a6385796a,ena24,43.jpg,2
d5a224693b1f7ec0,ena24,8756.jpg,3
d5a224693b1f7ec0,ena24,8757.jpg,3
d5a224693b1f7ec0,ena24,8758.jpg,3
d5c3c7b078ae0f30,ena24,9354.jpg,3
d5c3c7b078ae0f30,ena24,9355.jpg,3
d5c3c7b078ae0f30,ena24,9357.jpg,3
d5f07a6a34cc6c07,ena24,3843.jpg,3
d5f07a6a34cc6c07,ena24,3844.jpg,3
d5f07a6a34cc6c07,ena24,3846.jpg,3
d5f07a6a34cc6c25,ena24,3842.jpg,2
d5f07a6a34cc6c25,ena24,3845.jpg,2
d5f5c089153772c6,ena24,7505.jpg,3
d5f5c089153772c6,ena24,7507.jpg,3
d5f5c089153772c6,ena24,7508.jpg,3
d5fa7f8454b40e22,ena24,106.jpg,2
d5fa7f8454b40e22,ena24,107.jpg,2
d609b53d46a6aa9a,inaturalist,inat_152339767_262970622.jpg,2
d609b53d46a6aa9a,inaturalist,inat_154433438_266843511.jpg,2
d63465c07d2939cd,ena24,6991.jpg,4
d63465c07d2939cd,ena24,6992.jpg,4
d63465c07d2939cd,ena24,6993.jpg,4
d63465c07d2939cd,ena24,6994.jpg,4
d63a69c8569429eb,ena24,3874.jpg,2
d63a69c8569429eb,ena24,3884.jpg,2
d63a69c8569529cb,ena24,3879.jpg,2
d63a69c8569529cb,ena24,3881.jpg,2
d63a69c85e9429cb,ena24,3875.jpg,2
d63a69c85e9429cb,ena24,3882.jpg,2
d63e69c05e9429cb,ena24,3876.jpg,3
d63e69c05e9429cb,ena24,3877.jpg,3
d63e69c05e9429cb,ena24,3883.jpg,3
d63e69c8569429cb,ena24,3878.jpg,4
d63e69c8569429cb,ena24,3880.jpg,4
d63e69c8569429cb,ena24,3885.jpg,4
d63e69c8569429cb,ena24,3886.jpg,4
d66c23841e7f71a8,ena24,1361.jpg,2
d66c23841e7f71a8,ena24,1362.jpg,2
d676e856986c9836,ena24,69.jpg,2
d676e856986c9836,ena24,70.jpg,2
d6d6472278e93661,ena24,941.jpg,3
d6d6472278e93661,ena24,942.jpg,3
d6d6472278e93661,ena24,943.jpg,3
d710708e63e723e5,ena24,8479.jpg,2
d710708e63e723e5,ena24,8480.jpg,2
d750700f2ee063af,ena24,8308.jpg,2
d750700f2ee063af,ena24,8309.jpg,2
d750708f60c377e4,ena24,8303.jpg,2
d750708f60c377e4,ena24,8307.jpg,2
d75070a820c77fe5,ena24,8379.jpg,2
d75070a820c77fe5,ena24,8381.jpg,2
d7579a128253c373,ena24,8919.jpg,2
d7579a128253c373,ena24,8926.jpg,2
d7629d7cc681708e,ena24,7755.jpg,3
d7629d7cc681708e,ena24,7756.jpg,3
d7629d7cc681708e,ena24,7758.jpg,3
d76c23841e7e71a8,ena24,1360.jpg,2
d76c23841e7e71a8,ena24,1363.jpg,2
d7a224693b1f6ec0,ena24,8748.jpg,3
d7a224693b1f6ec0,ena24,8750.jpg,3
d7a224693b1f6ec0,ena24,8752.jpg,3
d7cde86b882aa945,ena24,1407.jpg,2
d7cde86b882aa945,ena24,1408.jpg,2
d7ce2d0c3dc87063,ena24,966.jpg,2
d7ce2d0c3dc87063,ena24,967.jpg,2
d7ce2f0c3dc83063,ena24,964.jpg,2
d7ce2f0c3dc83063,ena24,965.jpg,2
d7ff2f2524a242c2,ena24,1310.jpg,3
d7ff2f2524a242c2,ena24,1311.jpg,3
d7ff2f2524a242c2,ena24,1312.jpg,3
d7ff3d2525a24203,ena24,1314.jpg,5
d7ff3d2525a24203,ena24,1315.jpg,5
d7ff3d2525a24203,ena24,1316.jpg,5
d7ff3d2525a24203,ena24,1317.jpg,5
d7ff3d2525a24203,ena24,1318.jpg,5
d7ff6929628016d2,ena24,1301.jpg,5
d7ff6929628016d2,ena24,1302.jpg,5
d7ff6929628016d2,ena24,1303.jpg,5
d7ff6929628016d2,ena24,1304.jpg,5
d7ff6929628016d2,ena24,1305.jpg,5
d810658f3ccc6767,ena24,8723.jpg,2
d810658f3ccc6767,ena24,8724.jpg,2
d826e1c97bb40ef0,ena24,6877.jpg,3
d826e1c97bb40ef0,ena24,6881.jpg,3
d826e1c97bb40ef0,ena24,6883.jpg,3
d826e1c97bbc06f0,ena24,6878.jpg,2
d826e1c97bbc06f0,ena24,6880.jpg,2
d82868d4d52b7bd2,ena24,7836.jpg,5
d82868d4d52b7bd2,ena24,7838.jpg,5
d82868d4d52b7bd2,ena24,7839.jpg,5
d82868d4d52b7bd2,ena24,7840.jpg,5
d82868d4d52b7bd2,ena24,7842.jpg,5
d8286cc4d51b6bea,ena24,7817.jpg,3
d8286cc4d51b6bea,ena24,7818.jpg,3
d8286cc4d51b6bea,ena24,7820.jpg,3
d838e58a72cdccb2,ena24,7495.jpg,2
d838e58a72cdccb2,ena24,7496.jpg,2
d83aa68879c6c6d9,ena24,7489.jpg,2
d83aa68879c6c6d9,ena24,7490.jpg,2
d85d8547a33c9867,ena24,1445.jpg,2
d85d8547a33c9867,ena24,1446.jpg,2
d8b8e36767286e24,ena24,1539.jpg,2
d8b8e36767286e24,ena24,1540.jpg,2
d8d8f265652f6e04,ena24,1536.jpg,2
d8d8f265652f6e04,ena24,1538.jpg,2
d8e0727a6c34768d,ena24,8121.jpg,2
d8e0727a6c34768d,ena24,8122.jpg,2
d93ba6e6097f8045,ena24,694.jpg,3
d93ba6e6097f8045,ena24,695.jpg,3
d93ba6e6097f8045,ena24,696.jpg,3
d93be4463b50cc63,ena24,4749.jpg,2
d93be4463b50cc63,ena24,4750.jpg,2
d93da64d2bd68862,ena24,4510.jpg,5
d93da64d2bd68862,ena24,4512.jpg,5
d93da64d2bd68862,ena24,4513.jpg,5
d93da64d2bd68862,ena24,4516.jpg,5
d93da64d2bd68862,ena24,4517.jpg,5
d93da64d2bd6a860,ena24,4511.jpg,2
d93da64d2bd6a860,ena24,4514.jpg,2
d9ddf8688074815f,ena24,7621.jpg,2
d9ddf8688074815f,ena24,7622.jpg,2
da076193ce683fe0,ena24,3705.jpg,2
da076193ce683fe0,ena24,3706.jpg,2
da22d1f02dcd718b,ena24,6532.jpg,6
da22d1f02dcd718b,ena24,6533.jpg,6
da22d1f02dcd718b,ena24,6534.jpg,6
da22d1f02dcd718b,ena24,6535.jpg,6
da22d1f02dcd718b,ena24,6537.jpg,6
da22d1f02dcd718b,ena24,6538.jpg,6
da5a904cac6ea36d,ena24,1324.jpg,2
da5a904cac6ea36d,ena24,1326.jpg,2
dae271382c6c4f8b,ena24,8032.jpg,3
dae271382c6c4f8b,ena24,8033.jpg,3
dae271382c6c4f8b,ena24,8034.jpg,3
db092d9276c96e34,ena24,2553.jpg,2
db092d9276c96e34,ena24,2555.jpg,2
db0a3c0975d96f24,ena24,2564.jpg,2
db0a3c0975d96f24,ena24,2566.jpg,2
db24cd9264ccb3c6,ena24,1773.jpg,2
db24cd9264ccb3c6,ena24,1774.jpg,2
db2ec6e63e817089,ena24,548.jpg,2
db2ec6e63e817089,ena24,549.jpg,2
db423d0967b16e64,ena24,2522.jpg,2
db423d0967b16e64,ena24,2524.jpg,2
dbd3813ea827d82c,ena24,7727.jpg,4
dbd3813ea827d82c,ena24,7728.jpg,4
dbd3813ea827d82c,ena24,7729.jpg,4
dbd3813ea827d82c,ena24,7730.jpg,4
dbd3a06fc036c135,ena24,2719.jpg,6
dbd3a06fc036c135,ena24,2721.jpg,6
dbd3a06fc036c135,ena24,2723.jpg,6
dbd3a06fc036c135,ena24,2724.jpg,6
dbd3a06fc036c135,ena24,2725.jpg,6
dbd3a06fc036c135,ena24,2726.jpg,6
dbdba04fd02cc135,ena24,2717.jpg,2
dbdba04fd02cc135,ena24,2718.jpg,2
dbddf8289024817f,ena24,3125.jpg,2
dbddf8289024817f,ena24,3126.jpg,2
dc10518d6cce7727,ena24,8703.jpg,2
dc10518d6cce7727,ena24,8705.jpg,2
dc28e3c968c27fa4,ena24,9370.jpg,2
dc28e3c968c27fa4,ena24,9372.jpg,2
dc31cb59852f906e,ena24,7947.jpg,2
dc31cb59852f906e,ena24,7948.jpg,2
dc6cf916f06c807c,ena24,7629.jpg,2
dc6cf916f06c807c,ena24,7630.jpg,2
dcc470784c0e6f4f,ena24,8049.jpg,2
dcc470784c0e6f4f,ena24,8051.jpg,2
dcd0700ee1077fe1,ena24,8385.jpg,2
dcd0700ee1077fe1,ena24,8387.jpg,2
dce470784c0c6f4f,ena24,8048.jpg,2
dce470784c0c6f4f,ena24,8050.jpg,2
ddddf868a064815b,ena24,7618.jpg,2
ddddf868a064815b,ena24,7620.jpg,2
ddeb4f85303a740c,ena24,3639.jpg,3
ddeb4f85303a740c,ena24,3640.jpg,3
ddeb4f85303a740c,ena24,3641.jpg,3
de2067cb2ee07f80,ena24,7639.jpg,4
de2067cb2ee07f80,ena24,7640.jpg,4
de2067cb2ee07f80,ena24,7641.jpg,4
de2067cb2ee07f80,ena24,7643.jpg,4
de2199ce63996cc1,ena24,7032.jpg,6
de2199ce63996cc1,ena24,7033.jpg,6
de2199ce63996cc1,ena24,7034.jpg,6
de2199ce63996cc1,ena24,7035.jpg,6
de2199ce63996cc1,ena24,7038.jpg,6
de2199ce63996cc1,ena24,7042.jpg,6
de2199ce67986cc1,ena24,7019.jpg,2
de2199ce67986cc1,ena24,7020.jpg,2
de5ecc4cd84c9079,ena24,7549.jpg,5
de5ecc4cd84c9079,ena24,7550.jpg,5
de5ecc4cd84c9079,ena24,7551.jpg,5
de5ecc4cd84c9079,ena24,7552.jpg,5
de5ecc4cd84c9079,ena24,7553.jpg,5
de91987970a04eee,ena24,9123.jpg,2
de91987970a04eee,ena24,9126.jpg,2
dec860b32b123e3e,ena24,6190.jpg,2
dec860b32b123e3e,ena24,6193.jpg,2
dec860b52b123e3e,ena24,6187.jpg,4
dec860b52b123e3e,ena24,6188.jpg,4
dec860b52b123e3e,ena24,6189.jpg,4
dec860b52b123e3e,ena24,6191.jpg,4
dec940b32b103f3e,ena24,6142.jpg,2
dec940b32b103f3e,ena24,6153.jpg,2
dec960b329122f3e,ena24,6171.jpg,4
dec960b329122f3e,ena24,6172.jpg,4
dec960b329122f3e,ena24,6173.jpg,4
dec960b329122f3e,ena24,6177.jpg,4
dec960b32b102f3e,ena24,6146.jpg,7
dec960b32b102f3e,ena24,6147.jpg,7
dec960b32b102f3e,ena24,6149.jpg,7
dec960b32b102f3e,ena24,6150.jpg,7
dec960b32b102f3e,ena24,6151.jpg,7
dec960b32b102f3e,ena24,6152.jpg,7
dec960b32b102f3e,ena24,6154.jpg,7
dec960b32b103f3c,ena24,6140.jpg,3
dec960b32b103f3c,ena24,6145.jpg,3
dec960b32b103f3c,ena24,6156.jpg,3
dec960b32b122f3c,ena24,6160.jpg,11
dec960b32b122f3c,ena24,6161.jpg,11
dec960b32b122f3c,ena24,6162.jpg,11
dec960b32b122f3c,ena24,6163.jpg,11
dec960b32b122f3c,ena24,6164.jpg,11
dec960b32b122f3c,ena24,6165.jpg,11
dec960b32b122f3c,ena24,6166.jpg,11
dec960b32b122f3c,ena24,6167.jpg,11
dec960b32b122f3c,ena24,6168.jpg,11
dec960b32b122f3c,ena24,6169.jpg,11
dec960b32b122f3c,ena24,6170.jpg,11
dec960b32b142b3e,ena24,6138.jpg,2
dec960b32b142b3e,ena24,6148.jpg,2
dec960f32b102f3c,ena24,6143.jpg,2
dec960f32b102f3c,ena24,6155.jpg,2
dee2608dfd63018d,ena24,1133.jpg,6
dee2608dfd63018d,ena24,1134.jpg,6
dee2608dfd63018d,ena24,1135.jpg,6
dee2608dfd63018d,ena24,1136.jpg,6
dee2608dfd63018d,ena24,1137.jpg,6
dee2608dfd63018d,ena24,1141.jpg,6
dee2608dfd63218c,ena24,1138.jpg,3
dee2608dfd63218c,ena24,1139.jpg,3
dee2608dfd63218c,ena24,1140.jpg,3
df511ba72f61a403,inaturalist,inat_258973213_464767513.jpg,2
df511ba72f61a403,inaturalist,inat_258973214_464767556.jpg,2
df6a84da7eac4181,ena24,5159.jpg,2
df6a84da7eac4181,ena24,5160.jpg,2
df6a84da7eb44181,ena24,5162.jpg,2
df6a84da7eb44181,ena24,5163.jpg,2
df6f803cc806b857,ena24,3041.jpg,3
df6f803cc806b857,ena24,3042.jpg,3
df6f803cc806b857,ena24,3044.jpg,3
dfc840b32b123e3e,ena24,6194.jpg,3
dfc840b32b123e3e,ena24,6196.jpg,3
dfc840b32b123e3e,ena24,6197.jpg,3
dfc860b129123f3e,ena24,6181.jpg,3
dfc860b129123f3e,ena24,6182.jpg,3
dfc860b129123f3e,ena24,6184.jpg,3
dfc860b329123e3e,ena24,6178.jpg,3
dfc860b329123e3e,ena24,6179.jpg,3
dfc860b329123e3e,ena24,6180.jpg,3
dfddf8289024815f,ena24,3124.jpg,2
dfddf8289024815f,ena24,3138.jpg,2
dfddf8388020895f,ena24,3133.jpg,3
dfddf8388020895f,ena24,3135.jpg,3
dfddf8388020895f,ena24,3136.jpg,3
dfeb4783302c7c0c,ena24,3636.jpg,2
dfeb4783302c7c0c,ena24,3637.jpg,2
dfff6b28608016d2,ena24,1298.jpg,2
dfff6b28608016d2,ena24,1299.jpg,2
e022cfa57c7812cf,ena24,488.jpg,2
e022cfa57c7812cf,ena24,489.jpg,2
e060da244f9f6f91,ena24,1086.jpg,2
e060da244f9f6f91,ena24,1087.jpg,2
e060db244b9f6f98,ena24,996.jpg,3
e060db244b9f6f98,ena24,997.jpg,3
e060db244b9f6f98,ena24,999.jpg,3
e06103953fdb4c3e,ena24,6498.jpg,3
e06103953fdb4c3e,ena24,6503.jpg,3
e06103953fdb4c3e,ena24,6504.jpg,3
e06103973fcb4c3e,ena24,6496.jpg,2
e06103973fcb4c3e,ena24,6499.jpg,2
e0619e5ea35f8c46,ena24,3161.jpg,2
e0619e5ea35f8c46,ena24,3163.jpg,2
e061d0244f9f6f93,ena24,1153.jpg,4
e061d0244f9f6f93,ena24,1154.jpg,4
e061d0244f9f6f93,ena24,1155.jpg,4
e061d0244f9f6f93,ena24,1157.jpg,4
e061d068cf9f6f90,ena24,1035.jpg,4
e061d068cf9f6f90,ena24,1038.jpg,4
e061d068cf9f6f90,ena24,1039.jpg,4
e061d068cf9f6f90,ena24,1040.jpg,4
e061d2244f9f6f91,ena24,1085.jpg,4
e061d2244f9f6f91,ena24,1088.jpg,4
e061d2244f9f6f91,ena24,1089.jpg,4
e061d2244f9f6f91,ena24,1090.jpg,4
e061d2244f9f6f92,ena24,1092.jpg,3
e061d2244f9f6f92,ena24,1093.jpg,3
e061d2244f9f6f92,ena24,1094.jpg,3
e061d224cb9f6f98,ena24,1012.jpg,4
e061d224cb9f6f98,ena24,1014.jpg,4
e061d224cb9f6f98,ena24,1015.jpg,4
e061d224cb9f6f98,ena24,1016.jpg,4
e061da244b9f6f91,ena24,1074.jpg,5
e061da244b9f6f91,ena24,1077.jpg,5
e061da244b9f6f91,ena24,1078.jpg,5
e061da244b9f6f91,ena24,1079.jpg,5
e061da244b9f6f91,ena24,1080.jpg,5
e0e103877f9d1c3a,ena24,6587.jpg,3
e0e103877f9d1c3a,ena24,6588.jpg,3
e0e103877f9d1c3a,ena24,6589.jpg,3
e0e103977f9d183a,ena24,6596.jpg,3
e0e103977f9d183a,ena24,6597.jpg,3
e0e103977f9d183a,ena24,6602.jpg,3
e0e103c77f9d0c3a,ena24,6578.jpg,2
e0e103c77f9d0c3a,ena24,6580.jpg,2
e0e1d0204f9f6f93,ena24,1158.jpg,3
e0e1d0204f9f6f93,ena24,1159.jpg,3
e0e1d0204f9f6f93,ena24,1160.jpg,3
e0e1d8244f9f6f90,ena24,1105.jpg,4
e0e1d8244f9f6f90,ena24,1106.jpg,4
e0e1d8244f9f6f90,ena24,1108.jpg,4
e0e1d8244f9f6f90,ena24,1109.jpg,4
e0e1d83c499f6f90,ena24,978.jpg,2
e0e1d83c499f6f90,ena24,982.jpg,2
e0e1da3c499f6f80,ena24,979.jpg,2
e0e1da3c499f6f80,ena24,980.jpg,2
e0e1da604b9f6f90,ena24,1001.jpg,4
e0e1da604b9f6f90,ena24,1002.jpg,4
e0e1da604b9f6f90,ena24,1003.jpg,4
e0e1da604b9f6f90,ena24,1005.jpg,4
e0e23f3868041fef,ena24,8085.jpg,2
e0e23f3868041fef,ena24,8086.jpg,2
e0e303977f9d0c38,ena24,6591.jpg,3
e0e303977f9d0c38,ena24,6593.jpg,3
e0e303977f9d0c38,ena24,6594.jpg,3
e0e33f3848041fef,ena24,8074.jpg,4
e0e33f3848041fef,ena24,8075.jpg,4
e0e33f3848041fef,ena24,8076.jpg,4
e0e33f3848041fef,ena24,8078.jpg,4
e1031fe1fc1e0fe0,ena24,9136.jpg,2
e1031fe1fc1e0fe0,ena24,9138.jpg,2
e12001d33fcc7d2f,ena24,6486.jpg,2
e12001d33fcc7d2f,ena24,6489.jpg,2
e12001d33fcf6d2e,ena24,6546.jpg,3
e12001d33fcf6d2e,ena24,6548.jpg,3
e12001d33fcf6d2e,ena24,6549.jpg,3
e121c126cf3f2ed8,ena24,1063.jpg,2
e121c126cf3f2ed8,ena24,1064.jpg,2
e121da64c31f679a,ena24,1042.jpg,3
e121da64c31f679a,ena24,1043.jpg,3
e121da64c31f679a,ena24,1046.jpg,3
e12217d92ec96d33,ena24,6387.jpg,4
e12217d92ec96d33,ena24,6388.jpg,4
e12217d92ec96d33,ena24,6389.jpg,4
e12217d92ec96d33,ena24,6390.jpg,4
e1431ee1fc1e0fe0,ena24,9137.jpg,5
e1431ee1fc1e0fe0,ena24,9139.jpg,5
e1431ee1fc1e0fe0,ena24,9140.jpg,5
e1431ee1fc1e0fe0,ena24,9141.jpg,5
e1431ee1fc1e0fe0,ena24,9142.jpg,5
e1458e0059ae3fdb,ena24,899.jpg,2
e1458e0059ae3fdb,ena24,901.jpg,2
e1558e0059ae3fcb,ena24,894.jpg,3
e1558e0059ae3fcb,ena24,904.jpg,3
e1558e0059ae3fcb,ena24,916.jpg,3
e1a101c33f5f5c17,ena24,6405.jpg,3
e1a101c33f5f5c17,ena24,6407.jpg,3
e1a101c33f5f5c17,ena24,6409.jpg,3
e1a2af51566a187b,ena24,1215.jpg,5
e1a2af51566a187b,ena24,1216.jpg,5
e1a2af51566a187b,ena24,1217.jpg,5
e1a2af51566a187b,ena24,1218.jpg,5
e1a2af51566a187b,ena24,1219.jpg,5
e1ac21f84cc67e53,ena24,8067.jpg,2
e1ac21f84cc67e53,ena24,8068.jpg,2
e1c59e0050ae3feb,ena24,949.jpg,2
e1c59e0050ae3feb,ena24,950.jpg,2
e1d58e0058ae3fcb,ena24,920.jpg,4
e1d58e0058ae3fcb,ena24,921.jpg,4
e1d58e0058ae3fcb,ena24,922.jpg,4
e1d58e0058ae3fcb,ena24,923.jpg,4
e1e103877f9d0c3a,ena24,6577.jpg,5
e1e103877f9d0c3a,ena24,6582.jpg,5
e1e103877f9d0c3a,ena24,6583.jpg,5
e1e103877f9d0c3a,ena24,6584.jpg,5
e1e103877f9d0c3a,ena24,6585.jpg,5
e1e1c022ce3f1fb8,ena24,1049.jpg,2
e1e1c022ce3f1fb8,ena24,1050.jpg,2
e1e1c022ce3f5eb8,ena24,1047.jpg,2
e1e1c022ce3f5eb8,ena24,1048.jpg,2
e1e1c02e5f1f2f90,ena24,1102.jpg,2
e1e1c02e5f1f2f90,ena24,1103.jpg,2
e1e1d860c39f6f90,ena24,1007.jpg,5
e1e1d860c39f6f90,ena24,1008.jpg,5
e1e1d860c39f6f90,ena24,1009.jpg,5
e1e1d860c39f6f90,ena24,1010.jpg,5
e1e1d860c39f6f90,ena24,1011.jpg,5
e1e78e0040ea3fdb,ena24,930.jpg,2
e1e78e0040ea3fdb,ena24,931.jpg,2
e21bc5f019cc719e,ena24,6466.jpg,3
e21bc5f019cc719e,ena24,6467.jpg,3
e21bc5f019cc719e,ena24,6468.jpg,3
e2e2713a0c0e1faf,ena24,8007.jpg,2
e2e2713a0c0e1faf,ena24,8010.jpg,2
e32003d93fcf4d26,ena24,6552.jpg,2
e32003d93fcf4d26,ena24,6553.jpg,2
e363d8204b1f6f98,ena24,1017.jpg,10
e363d8204b1f6f98,ena24,1019.jpg,10
e363d8204b1f6f98,ena24,1020.jpg,10
e363d8204b1f6f98,ena24,1022.jpg,10
e363d8204b1f6f98,ena24,1112.jpg,10
e363d8204b1f6f98,ena24,1113.jpg,10
e363d8204b1f6f98,ena24,1114.jpg,10
e363d8204b1f6f98,ena24,1116.jpg,10
e363d8204b1f6f98,ena24,1118.jpg,10
e363d8204b1f6f98,ena24,983.jpg,10
e367d8204b1f2f98,ena24,1170.jpg,10
e367d8204b1f2f98,ena24,1171.jpg,10
e367d8204b1f2f98,ena24,1172.jpg,10
e367d8204b1f2f98,ena24,1173.jpg,10
e367d8204b1f2f98,ena24,1174.jpg,10
e367d8204b1f2f98,ena24,1175.jpg,10
e367d8204b1f2f98,ena24,1176.jpg,10
e367d8204b1f2f98,ena24,1177.jpg,10
e367d8204b1f2f98,ena24,1178.jpg,10
e367d8204b1f2f98,ena24,1179.jpg,10
e381b0e3f46538ea,ena24,1.jpg,2
e381b0e3f46538ea,ena24,2.jpg,2
e3a78e0058ad7dc9,ena24,959.jpg,3
e3a78e0058ad7dc9,ena24,960.jpg,3
e3a78e0058ad7dc9,ena24,961.jpg,3
e3e1c12e5f0e7e80,ena24,992.jpg,3
e3e1c12e5f0e7e80,ena24,993.jpg,3
e3e1c12e5f0e7e80,ena24,995.jpg,3
e3e2713a0c0e1f8f,ena24,8008.jpg,2
e3e2713a0c0e1f8f,ena24,8009.jpg,2
e4b459e268ca6fc8,ena24,1434.jpg,5
e4b459e268ca6fc8,ena24,1435.jpg,5
e4b459e268ca6fc8,ena24,1436.jpg,5
e4b459e268ca6fc8,ena24,1437.jpg,5
e4b459e268ca6fc8,ena24,1438.jpg,5
e4e1d2224b9f6f90,ena24,1029.jpg,2
e4e1d2224b9f6f90,ena24,1030.jpg,2
e4f002857f2bcd2b,ena24,6353.jpg,3
e4f002857f2bcd2b,ena24,6354.jpg,3
e4f002857f2bcd2b,ena24,6355.jpg,3
e5458e0059ae3fcb,ena24,893.jpg,6
e5458e0059ae3fcb,ena24,895.jpg,6
e5458e0059ae3fcb,ena24,896.jpg,6
e5458e0059ae3fcb,ena24,903.jpg,6
e5458e0059ae3fcb,ena24,905.jpg,6
e5458e0059ae3fcb,ena24,906.jpg,6
e5458e0259aa3fcb,ena24,914.jpg,2
e5458e0259aa3fcb,ena24,918.jpg,2
e5e1c026ce1f6f90,ena24,1115.jpg,5
e5e1c026ce1f6f90,ena24,1117.jpg,5
e5e1c026ce1f6f90,ena24,1119.jpg,5
e5e1c026ce1f6f90,ena24,1120.jpg,5
e5e1c026ce1f6f90,ena24,1121.jpg,5
e5e1c02c5f1f6e90,ena24,1129.jpg,3
e5e1c02c5f1f6e90,ena24,1130.jpg,3
e5e1c02c5f1f6e90,ena24,1132.jpg,3
e6e4d031531f4f98,ena24,1052.jpg,8
e6e4d031531f4f98,ena24,1053.jpg,8
e6e4d031531f4f98,ena24,1054.jpg,8
e6e4d031531f4f98,ena24,1055.jpg,8
e6e4d031531f4f98,ena24,1056.jpg,8
e6e4d031531f4f98,ena24,1057.jpg,8
e6e4d031531f4f98,ena24,1059.jpg,8
e6e4d031531f4f98,ena24,1060.jpg,8
e6e7d0204f1f6f80,ena24,1065.jpg,2
e6e7d0204f1f6f80,ena24,1066.jpg,2
e6e7d030431f7f80,ena24,1071.jpg,3
e6e7d030431f7f80,ena24,1072.jpg,3
e6e7d030431f7f80,ena24,1073.jpg,3
e6e7d220431f7f80,ena24,1075.jpg,2
e6e7d220431f7f80,ena24,1076.jpg,2
e71f8800dcb54df8,ena24,934.jpg,4
e71f8800dcb54df8,ena24,935.jpg,4
e71f8800dcb54df8,ena24,936.jpg,4
e71f8800dcb54df8,ena24,937.jpg,4
e7458a0259ae37cb,ena24,891.jpg,2
e7458a0259ae37cb,ena24,892.jpg,2
e7458e0058ae3fcb,ena24,885.jpg,2
e7458e0058ae3fcb,ena24,886.jpg,2
e7458e0059aa3fcb,ena24,915.jpg,2
e7458e0059aa3fcb,ena24,917.jpg,2
e7478a0058ae3deb,ena24,924.jpg,3
e7478a0058ae3deb,ena24,925.jpg,3
e7478a0058ae3deb,ena24,926.jpg,3
e7478e0058af3dc9,ena24,955.jpg,2
e7478e0058af3dc9,ena24,956.jpg,2
e755880059ae3fcb,ena24,889.jpg,2
e755880059ae3fcb,ena24,890.jpg,2
e7558c0058ae3fcb,ena24,887.jpg,2
e7558c0058ae3fcb,ena24,888.jpg,2
e767d8204b1f2f88,ena24,1161.jpg,5
e767d8204b1f2f88,ena24,1162.jpg,5
e767d8204b1f2f88,ena24,1163.jpg,5
e767d8204b1f2f88,ena24,1164.jpg,5
e767d8204b1f2f88,ena24,1167.jpg,5
e767d8204b9f2f80,ena24,1165.jpg,4
e767d8204b9f2f80,ena24,1166.jpg,4
e767d8204b9f2f80,ena24,1168.jpg,4
e767d8204b9f2f80,ena24,1169.jpg,4
e7c798985a886d8b,ena24,876.jpg,9
e7c798985a886d8b,ena24,877.jpg,9
e7c798985a886d8b,ena24,878.jpg,9
e7c798985a886d8b,ena24,879.jpg,9
e7c798985a886d8b,ena24,880.jpg,9
e7c798985a886d8b,ena24,881.jpg,9
e7c798985a886d8b,ena24,882.jpg,9
e7c798985a886d8b,ena24,883.jpg,9
e7c798985a886d8b,ena24,884.jpg,9
e7e1c0244f1f6f90,ena24,1143.jpg,5
e7e1c0244f1f6f90,ena24,1144.jpg,5
e7e1c0244f1f6f90,ena24,1145.jpg,5
e7e1c0244f1f6f90,ena24,1146.jpg,5
e7e1c0244f1f6f90,ena24,1147.jpg,5
e7e1c02c5f1f2e90,ena24,1122.jpg,8
e7e1c02c5f1f2e90,ena24,1123.jpg,8
e7e1c02c5f1f2e90,ena24,1124.jpg,8
e7e1c02c5f1f2e90,ena24,1125.jpg,8
e7e1c02c5f1f2e90,ena24,1126.jpg,8
e7e1c02c5f1f2e90,ena24,1127.jpg,8
e7e1c02c5f1f2e90,ena24,1128.jpg,8
e7e1c02c5f1f2e90,ena24,1131.jpg,8
e7e3d020039f7f90,ena24,1148.jpg,4
e7e3d020039f7f90,ena24,1149.jpg,4
e7e3d020039f7f90,ena24,1151.jpg,4
e7e3d020039f7f90,ena24,1152.jpg,4
e872f06183478f4f,ena24,3093.jpg,2
e872f06183478f4f,ena24,3094.jpg,2
e8b312ca16a6cd3d,ena24,5430.jpg,2
e8b312ca16a6cd3d,ena24,5433.jpg,2
e8b313c936a6cd19,ena24,5434.jpg,4
e8b313c936a6cd19,ena24,5435.jpg,4
e8b313c936a6cd19,ena24,5436.jpg,4
e8b313c936a6cd19,ena24,5437.jpg,4
e9b212cb36a4cd3c,ena24,5439.jpg,4
e9b212cb36a4cd3c,ena24,5440.jpg,4
e9b212cb36a4cd3c,ena24,5441.jpg,4
e9b212cb36a4cd3c,ena24,5442.jpg,4
ea2192c93ec87d3a,ena24,6518.jpg,2
ea2192c93ec87d3a,ena24,6520.jpg,2
ea23d5f02cc8659e,ena24,6464.jpg,2
ea23d5f02cc8659e,ena24,6465.jpg,2
eb2097d934c87d2a,ena24,6398.jpg,2
eb2097d934c87d2a,ena24,6399.jpg,2
eb2239d136ca7c8c,ena24,5480.jpg,2
eb2239d136ca7c8c,ena24,5481.jpg,2
eb22cdda30ce66b0,ena24,6262.jpg,2
eb22cdda30ce66b0,ena24,6264.jpg,2
eb22cdda32c866b8,ena24,6295.jpg,2
eb22cdda32c866b8,ena24,6298.jpg,2
eb22d5f02cc9650f,ena24,6445.jpg,2
eb22d5f02cc9650f,ena24,6447.jpg,2
eb3bc5d832cc7224,ena24,6293.jpg,2
eb3bc5d832cc7224,ena24,6294.jpg,2
edbb0345778c2645,ena24,201.jpg,2
edbb0345778c2645,ena24,204.jpg,2
efe301c17d9a6621,ena24,227.jpg,2
efe301c17d9a6621,ena24,231.jpg,2
efe301c17d9b6620,ena24,226.jpg,2
efe301c17d9b6620,ena24,229.jpg,2
efe301c17d9e6620,ena24,225.jpg,2
efe301c17d9e6620,ena24,228.jpg,2
f0630bd622a5de2d,ena24,5421.jpg,2
f0630bd622a5de2d,ena24,5422.jpg,2
f0630bd626a5de29,ena24,5420.jpg,2
f0630bd626a5de29,ena24,5424.jpg,2
f0ca8f6f9c809a36,inaturalist,inat_370741557_677318438.jpg,2
f0ca8f6f9c809a36,inaturalist,inat_371766648_679268428.jpg,2
f0e58bda34ccc833,inaturalist,inat_370741557_677318315.jpg,2
f0e58bda34ccc833,inaturalist,inat_371766648_679268430.jpg,2
f12207d12acdf933,ena24,6378.jpg,2
f12207d12acdf933,ena24,6379.jpg,2
f12315d32f8c4d33,ena24,5562.jpg,3
f12315d32f8c4d33,ena24,5566.jpg,3
f12315d32f8c4d33,ena24,5568.jpg,3
f1d54eaa135b68a1,ena24,63.jpg,3
f1d54eaa135b68a1,ena24,64.jpg,3
f1d54eaa135b68a1,ena24,66.jpg,3
f1e001433f5f692b,ena24,6559.jpg,2
f1e001433f5f692b,ena24,6560.jpg,2
f1e001433f5f6d23,ena24,6564.jpg,2
f1e001433f5f6d23,ena24,6565.jpg,2
f1e001433fde4d2b,ena24,6567.jpg,3
f1e001433fde4d2b,ena24,6568.jpg,3
f1e001433fde4d2b,ena24,6569.jpg,3
f1e001433fdf682b,ena24,6557.jpg,3
f1e001433fdf682b,ena24,6558.jpg,3
f1e001433fdf682b,ena24,6562.jpg,3
f32a12d92ec96d32,ena24,6386.jpg,2
f32a12d92ec96d32,ena24,6392.jpg,2
f32ce1c13ec34cf0,ena24,6344.jpg,2
f32ce1c13ec34cf0,ena24,6345.jpg,2
f46223d20ea4f72d,ena24,5445.jpg,3
f46223d20ea4f72d,ena24,5446.jpg,3
f46223d20ea4f72d,ena24,5448.jpg,3
f46223d20ea5f729,ena24,5447.jpg,2
f46223d20ea5f729,ena24,5449.jpg,2
f479078c6f803bc9,ena24,6746.jpg,15
f479078c6f803bc9,ena24,6747.jpg,15
f479078c6f803bc9,ena24,6748.jpg,15
f479078c6f803bc9,ena24,6749.jpg,15
f479078c6f803bc9,ena24,6751.jpg,15
f479078c6f803bc9,ena24,6752.jpg,15
f479078c6f803bc9,ena24,6754.jpg,15
f479078c6f803bc9,ena24,6755.jpg,15
f479078c6f803bc9,ena24,6756.jpg,15
f479078c6f803bc9,ena24,6757.jpg,15
f479078c6f803bc9,ena24,6758.jpg,15
f479078c6f803bc9,ena24,6759.jpg,15
f479078c6f803bc9,ena24,6760.jpg,15
f479078c6f803bc9,ena24,6761.jpg,15
f479078c6f803bc9,ena24,6762.jpg,15
f479878c6f8033c9,ena24,6753.jpg,2
f479878c6f8033c9,ena24,6763.jpg,2
f4f4958f1b08626b,ena24,6094.jpg,6
f4f4958f1b08626b,ena24,6101.jpg,6
f4f4958f1b08626b,ena24,6102.jpg,6
f4f4958f1b08626b,ena24,6103.jpg,6
f4f4958f1b08626b,ena24,6104.jpg,6
f4f4958f1b08626b,ena24,6105.jpg,6
f4f4958f1f08606b,ena24,6099.jpg,2
f4f4958f1f08606b,ena24,6100.jpg,2
f4f49d8f9f486060,ena24,6097.jpg,2
f4f49d8f9f486060,ena24,6098.jpg,2
f595186a6385796a,ena24,39.jpg,2
f595186a6385796a,ena24,40.jpg,2
f5e023d73e06cc38,ena24,6249.jpg,2
f5e023d73e06cc38,ena24,6250.jpg,2
f7e022d73c26cd30,ena24,6251.jpg,3
f7e022d73c26cd30,ena24,6254.jpg,3
f7e022d73c26cd30,ena24,6255.jpg,3
f82848d58a237fea,ena24,7769.jpg,2
f82848d58a237fea,ena24,7770.jpg,2
f82868d5942a7fd2,ena24,7797.jpg,2
f82868d5942a7fd2,ena24,7798.jpg,2
f8b84cc585237af2,ena24,7845.jpg,5
f8b84cc585237af2,ena24,7848.jpg,5
f8b84cc585237af2,ena24,7850.jpg,5
f8b84cc585237af2,ena24,7851.jpg,5
f8b84cc585237af2,ena24,7853.jpg,5
f8ee03406d726765,ena24,170.jpg,3
f8ee03406d726765,ena24,171.jpg,3
f8ee03406d726765,ena24,172.jpg,3
f9e022d73e26cd30,ena24,6242.jpg,3
f9e022d73e26cd30,ena24,6243.jpg,3
f9e022d73e26cd30,ena24,6245.jpg,3
f9e132c72e26ed04,ena24,6233.jpg,3
f9e132c72e26ed04,ena24,6234.jpg,3
f9e132c72e26ed04,ena24,6236.jpg,3
f9e133c72e26ec04,ena24,6237.jpg,3
f9e133c72e26ec04,ena24,6240.jpg,3
f9e133c72e26ec04,ena24,6241.jpg,3
fa23d5c03cc96d13,ena24,6436.jpg,2
fa23d5c03cc96d13,ena24,6437.jpg,2
fa62c9c925a63e2a,inaturalist,inat_370741557_677318361.jpg,2
fa62c9c925a63e2a,inaturalist,inat_371766648_679268454.jpg,2
fb23ddd232c064b4,ena24,6273.jpg,3
fb23ddd232c064b4,ena24,6274.jpg,3
fb23ddd232c064b4,ena24,6275.jpg,3
fb23ddda238c60b0,ena24,6277.jpg,2
fb23ddda238c60b0,ena24,6278.jpg,2
fc6223d20ca5f72c,ena24,5451.jpg,2
fc6223d20ca5f72c,ena24,5452.jpg,2
fc78078e63863e89,ena24,6764.jpg,4
fc78078e63863e89,ena24,6765.jpg,4
fc78078e63863e89,ena24,6766.jpg,4
fc78078e63863e89,ena24,6772.jpg,4
fc780f846f820fc9,ena24,6774.jpg,4
fc780f846f820fc9,ena24,6775.jpg,4
fc780f846f820fc9,ena24,6776.jpg,4
fc780f846f820fc9,ena24,6777.jpg,4
fc780f846f860f89,ena24,6778.jpg,9
fc780f846f860f89,ena24,6782.jpg,9
fc780f846f860f89,ena24,6784.jpg,9
fc780f846f860f89,ena24,6786.jpg,9
fc780f846f860f89,ena24,6787.jpg,9
fc780f846f860f89,ena24,6788.jpg,9
fc780f846f860f89,ena24,6789.jpg,9
fc780f846f860f89,ena24,6790.jpg,9
fc780f846f860f89,ena24,6791.jpg,9
fc79078c6f801bc9,ena24,6744.jpg,2
fc79078c6f801bc9,ena24,6745.jpg,2
fe21acf4436832cb,ena24,7057.jpg,9
fe21acf4436832cb,ena24,7058.jpg,9
fe21acf4436832cb,ena24,7059.jpg,9
fe21acf4436832cb,ena24,7060.jpg,9
fe21acf4436832cb,ena24,7061.jpg,9
fe21acf4436832cb,ena24,7062.jpg,9
fe21acf4436832cb,ena24,7063.jpg,9
fe21acf4436832cb,ena24,7064.jpg,9
fe21acf4436832cb,ena24,7065.jpg,9
fe6a62817deb09a0,ena24,1095.jpg,5
fe6a62817deb09a0,ena24,1096.jpg,5
fe6a62817deb09a0,ena24,1097.jpg,5
fe6a62817deb09a0,ena24,1098.jpg,5
fe6a62817deb09a0,ena24,1101.jpg,5
fe6a81867fbc4181,ena24,5098.jpg,8
fe6a81867fbc4181,ena24,5099.jpg,8
fe6a81867fbc4181,ena24,5100.jpg,8
fe6a81867fbc4181,ena24,5101.jpg,8
fe6a81867fbc4181,ena24,5104.jpg,8
fe6a81867fbc4181,ena24,5105.jpg,8
fe6a81867fbc4181,ena24,5106.jpg,8
fe6a81867fbc4181,ena24,5109.jpg,8
fe6fe3833f8000d8,ena24,5150.jpg,3
fe6fe3833f8000d8,ena24,5151.jpg,3
fe6fe3833f8000d8,ena24,5152.jpg,3
fefb01c17e866203,ena24,271.jpg,3
fefb01c17e866203,ena24,273.jpg,3
fefb01c17e866203,ena24,274.jpg,3
ff3601813eef8b40,ena24,5120.jpg,5
ff3601813eef8b40,ena24,5122.jpg,5
ff3601813eef8b40,ena24,5123.jpg,5
ff3601813eef8b40,ena24,5124.jpg,5
ff3601813eef8b40,ena24,5126.jpg,5
ff3fc260b8c12ec0,ena24,6684.jpg,3
ff3fc260b8c12ec0,ena24,6709.jpg,3
ff3fc260b8c12ec0,ena24,6710.jpg,3
ff699e45c8e0458a,ena24,20.jpg,4
ff699e45c8e0458a,ena24,21.jpg,4
ff699e45c8e0458a,ena24,22.jpg,4
ff699e45c8e0458a,ena24,23.jpg,4
ff6a81867fbc4081,ena24,5102.jpg,2
ff6a81867fbc4081,ena24,5107.jpg,2
