archivo,estado,n_cajas,conf_max
inat_101293546_169152786.jpg,positivo_conf_alta_sin_revisar,1,0.636
inat_101293546_169152801.jpg,positivo_conf_alta_sin_revisar,1,0.713
inat_101541869_169590449.jpg,positivo_conf_alta_sin_revisar,1,0.891
inat_101728832_169919723.jpg,positivo_conf_alta_sin_revisar,2,0.732
inat_101728832_169922803.jpg,positivo_conf_alta_sin_revisar,1,0.956
inat_101823394_170091049.jpg,positivo_conf_alta_sin_revisar,1,0.91
inat_102298789_170973074.jpg,positivo_conf_alta_sin_revisar,1,0.91
inat_102352111_171071810.jpg,positivo_conf_alta_sin_revisar,1,0.938
inat_102630828_171604260.jpg,positivo_conf_alta_sin_revisar,2,0.588
inat_102630828_171604266.jpg,positivo,0,0.0
inat_102630828_171604278.jpg,positivo_conf_alta_sin_revisar,1,0.903
inat_103617339_173423568.jpg,positivo,2,0.284
inat_104436233_174991867.jpg,positivo_conf_alta_sin_revisar,1,0.842
inat_104436233_174994135.jpg,positivo_conf_alta_sin_revisar,1,0.953
inat_104436233_174994137.jpg,positivo_conf_alta_sin_revisar,1,0.946
inat_104572898_175251947.jpg,positivo_conf_alta_sin_revisar,1,0.752
inat_104572899_175251949.jpg,positivo,1,0.435
inat_104887017_175852607.jpg,positivo,1,0.301
inat_107670892_181136391.jpg,positivo_conf_alta_sin_revisar,1,0.956
inat_108196234_182120433.jpg,positivo,0,0.0
inat_108196234_182120447.jpg,positivo,0,0.0
inat_108196234_182120560.jpg,positivo,0,0.0
inat_108694340_183055262.jpg,positivo_conf_alta_sin_revisar,1,0.911
inat_108751448_183162795.jpg,positivo_conf_alta_sin_revisar,1,0.755
inat_108751448_183162806.jpg,positivo_conf_alta_sin_revisar,2,0.828
inat_108751448_183162812.jpg,positivo_conf_alta_sin_revisar,1,0.725
inat_108764701_183188138.jpg,positivo,0,0.0
inat_108967364_183567257.jpg,positivo,0,0.0
inat_108967364_183567380.jpg,positivo_conf_alta_sin_revisar,1,0.848
inat_109296502_184185034.jpg,positivo_conf_alta_sin_revisar,1,0.907
inat_109296502_184185045.jpg,positivo_conf_alta_sin_revisar,1,0.946
inat_109334179_184255102.jpg,positivo_conf_alta_sin_revisar,2,0.915
inat_109334179_184255110.jpg,positivo_conf_alta_sin_revisar,1,0.919
inat_109393417_184365586.jpg,positivo_conf_alta_sin_revisar,1,0.79
inat_11011377_15522572.jpg,positivo_conf_alta_sin_revisar,1,0.933
inat_111313948_187898989.jpg,positivo_conf_alta_sin_revisar,1,0.957
inat_111406007_188064919.jpg,positivo,1,0.442
inat_111707116_188602366.jpg,positivo_conf_alta_sin_revisar,1,0.912
inat_112237124_189572353.jpg,positivo_conf_alta_sin_revisar,1,0.671
inat_112237124_189572362.jpg,positivo_conf_alta_sin_revisar,1,0.795
inat_116757332_197115720.jpg,positivo_conf_alta_sin_revisar,1,0.91
inat_116757332_197115733.jpg,positivo_conf_alta_sin_revisar,1,0.908
inat_117944758_199230228.jpg,positivo_conf_alta_sin_revisar,1,0.721
inat_117944758_199230452.jpg,positivo,0,0.0
inat_120446902_203713164.jpg,positivo_conf_alta_sin_revisar,1,0.825
inat_12360432_17804066.jpg,positivo,2,0.431
inat_128542087_218349836.jpg,positivo_conf_alta_sin_revisar,2,0.827
inat_131403325_223613368.jpg,positivo_conf_alta_sin_revisar,1,0.808
inat_131403325_223613635.jpg,positivo_conf_alta_sin_revisar,3,0.942
inat_131403325_223613707.jpg,positivo_conf_alta_sin_revisar,1,0.85
inat_133281813_227003139.jpg,positivo,0,0.0
inat_133361772_227143102.jpg,positivo,0,0.0
inat_136649140_233244898.jpg,positivo_conf_alta_sin_revisar,1,0.939
inat_136766218_233468247.jpg,positivo,0,0.0
inat_139469902_243492616.jpg,positivo_conf_alta_sin_revisar,1,0.881
inat_139469902_243924669.jpg,positivo_conf_alta_sin_revisar,1,0.903
inat_139761947_239109191.jpg,positivo,0,0.0
inat_139761947_239109207.jpg,positivo,0,0.0
inat_139971714_239512537.jpg,positivo_conf_alta_sin_revisar,1,0.68
inat_139978264_239521771.jpg,positivo_conf_alta_sin_revisar,1,0.953
inat_139978264_239521818.jpg,positivo_conf_alta_sin_revisar,1,0.945
inat_139978264_239521845.jpg,positivo_conf_alta_sin_revisar,1,0.922
inat_139978264_239521901.jpg,positivo_conf_alta_sin_revisar,1,0.943
inat_141614165_242647339.jpg,positivo,2,0.42
inat_141672989_242758733.jpg,positivo,1,0.3
inat_141672991_242758748.jpg,positivo_conf_alta_sin_revisar,1,0.617
inat_141675849_242767426.jpg,positivo,0,0.0
inat_141675849_242953837.jpg,positivo,1,0.215
inat_141675849_242953840.jpg,positivo_conf_alta_sin_revisar,1,0.652
inat_141675849_242953841.jpg,positivo,1,0.224
inat_141675852_242767437.jpg,positivo,1,0.385
inat_141675854_242767458.jpg,positivo,0,0.0
inat_141675854_242955263.jpg,positivo,1,0.21
inat_141675854_242955265.jpg,positivo_conf_alta_sin_revisar,1,0.689
inat_141675854_242955266.jpg,positivo,2,0.474
inat_141675854_242955267.jpg,positivo,0,0.0
inat_141675854_242955269.jpg,positivo,0,0.0
inat_141675854_242955270.jpg,positivo_conf_alta_sin_revisar,1,0.726
inat_141675854_242955271.jpg,positivo,0,0.0
inat_141675854_242955272.jpg,positivo,0,0.0
inat_141675855_242767473.jpg,positivo,3,0.262
inat_141675855_242956060.jpg,positivo,0,0.0
inat_141675855_242956061.jpg,positivo,0,0.0
inat_141675855_242956065.jpg,positivo,1,0.489
inat_141675855_242956067.jpg,positivo,0,0.0
inat_141675855_242956068.jpg,positivo,3,0.262
inat_141675855_242956072.jpg,positivo,0,0.0
inat_141675855_242956076.jpg,positivo,1,0.227
inat_141675855_242956080.jpg,positivo,0,0.0
inat_141675855_242956086.jpg,positivo,0,0.0
inat_141675855_242956088.jpg,positivo,0,0.0
inat_141675855_242956090.jpg,positivo,0,0.0
inat_141675855_242956092.jpg,positivo,0,0.0
inat_141675855_242956094.jpg,positivo,0,0.0
inat_141675855_242956098.jpg,positivo,1,0.273
inat_141675855_242956102.jpg,positivo,0,0.0
inat_142108447_243585528.jpg,positivo_conf_alta_sin_revisar,2,0.61
inat_142108447_243585536.jpg,positivo_conf_alta_sin_revisar,1,0.844
inat_142108447_243586202.jpg,positivo_conf_alta_sin_revisar,1,0.889
inat_142112350_243592605.jpg,positivo_conf_alta_sin_revisar,1,0.956
inat_142112350_243602294.jpg,positivo_conf_alta_sin_revisar,1,0.935
inat_143217786_245594569.jpg,positivo,0,0.0
inat_143217786_245594579.jpg,positivo,2,0.348
inat_143402188_245923509.jpg,positivo_conf_alta_sin_revisar,1,0.921
inat_143831934_246743032.jpg,positivo_conf_alta_sin_revisar,1,0.686
inat_143831934_246743413.jpg,positivo,2,0.397
inat_143831934_246743435.jpg,positivo,1,0.488
inat_143831934_246743498.jpg,positivo_conf_alta_sin_revisar,1,0.908
inat_144551812_248116202.jpg,positivo_conf_alta_sin_revisar,1,0.869
inat_144551812_248116233.jpg,positivo_conf_alta_sin_revisar,1,0.767
inat_144824209_248650196.jpg,positivo,0,0.0
inat_144824209_248650204.jpg,positivo,2,0.3
inat_145193495_249363593.jpg,positivo_conf_alta_sin_revisar,1,0.815
inat_145193495_249363606.jpg,positivo_conf_alta_sin_revisar,1,0.622
inat_145193495_249363619.jpg,positivo_conf_alta_sin_revisar,1,0.756
inat_145193495_249363638.jpg,positivo,0,0.0
inat_146487727_251859171.jpg,positivo_conf_alta_sin_revisar,2,0.934
inat_146487727_251859188.jpg,positivo_conf_alta_sin_revisar,1,0.844
inat_148292942_255340654.jpg,positivo,0,0.0
inat_148730244_256169116.jpg,positivo_conf_alta_sin_revisar,1,0.611
inat_150079865_258713910.jpg,positivo_conf_alta_sin_revisar,1,0.706
inat_150079865_258715043.jpg,positivo_conf_alta_sin_revisar,2,0.605
inat_150079865_258715044.jpg,positivo_conf_alta_sin_revisar,3,0.707
inat_150079865_258715045.jpg,positivo_conf_alta_sin_revisar,3,0.657
inat_150079865_258715046.jpg,positivo_conf_alta_sin_revisar,3,0.583
inat_150079865_258715048.jpg,positivo_conf_alta_sin_revisar,1,0.609
inat_150079865_258715054.jpg,positivo,3,0.389
inat_150079865_258715066.jpg,positivo,0,0.0
inat_150079865_258715068.jpg,positivo,0,0.0
inat_150079865_258715069.jpg,positivo,1,0.213
inat_150079865_258715087.jpg,positivo,1,0.41
inat_150079865_258715091.jpg,positivo_conf_alta_sin_revisar,1,0.717
inat_150079865_258715092.jpg,positivo_conf_alta_sin_revisar,1,0.873
inat_150079865_258715094.jpg,positivo_conf_alta_sin_revisar,1,0.5
inat_150079865_258715095.jpg,positivo_conf_alta_sin_revisar,1,0.591
inat_150079865_258715097.jpg,positivo_conf_alta_sin_revisar,1,0.952
inat_150412310_259354700.jpg,positivo_conf_alta_sin_revisar,1,0.916
inat_150412310_259354707.jpg,positivo_conf_alta_sin_revisar,1,0.835
inat_150681077_259868943.jpg,positivo,1,0.291
inat_151151422_260754717.jpg,positivo_conf_alta_sin_revisar,1,0.798
inat_151151422_260754729.jpg,positivo_conf_alta_sin_revisar,1,0.81
inat_151151422_260754752.jpg,positivo_conf_alta_sin_revisar,1,0.875
inat_151151422_260754764.jpg,positivo_conf_alta_sin_revisar,1,0.611
inat_151151422_260754775.jpg,positivo_conf_alta_sin_revisar,1,0.923
inat_152077156_262484454.jpg,positivo_conf_alta_sin_revisar,1,0.615
inat_152077156_262484474.jpg,positivo_conf_alta_sin_revisar,1,0.915
inat_152077156_262484491.jpg,positivo_conf_alta_sin_revisar,1,0.831
inat_152171127_262647845.jpg,positivo_conf_alta_sin_revisar,1,0.886
inat_152171127_262647862.jpg,positivo_conf_alta_sin_revisar,1,0.819
inat_152171127_262647907.jpg,positivo_conf_alta_sin_revisar,1,0.845
inat_152339767_262970622.jpg,positivo,1,0.491
inat_152899586_264006998.jpg,positivo_conf_alta_sin_revisar,3,0.613
inat_152899586_264007021.jpg,positivo,0,0.0
inat_152988146_264163297.jpg,positivo,0,0.0
inat_152988146_264163305.jpg,positivo_conf_alta_sin_revisar,1,0.935
inat_152988146_264163315.jpg,positivo_conf_alta_sin_revisar,2,0.721
inat_152988146_264163326.jpg,positivo,1,0.343
inat_153335505_264823132.jpg,positivo,0,0.0
inat_153335505_264823164.jpg,positivo,0,0.0
inat_153335505_264823182.jpg,positivo,0,0.0
inat_154433438_266843511.jpg,positivo,1,0.491
inat_161011841_278271142.jpg,positivo_conf_alta_sin_revisar,1,0.642
inat_161078514_278398046.jpg,positivo_conf_alta_sin_revisar,1,0.889
inat_161078722_278398382.jpg,positivo,0,0.0
inat_161078722_278398397.jpg,positivo,0,0.0
inat_162413684_280829430.jpg,positivo_conf_alta_sin_revisar,1,0.802
inat_165618594_286706998.jpg,positivo_conf_alta_sin_revisar,1,0.907
inat_167356662_289908557.jpg,positivo_conf_alta_sin_revisar,1,0.884
inat_167356664_289908566.jpg,positivo_conf_alta_sin_revisar,1,0.817
inat_167356669_289908571.jpg,positivo,1,0.333
inat_167356670_289908582.jpg,positivo_conf_alta_sin_revisar,1,0.826
inat_167356671_289908593.jpg,positivo,1,0.395
inat_167356673_289908609.jpg,positivo,1,0.374
inat_167380575_289948357.jpg,positivo_conf_alta_sin_revisar,1,0.933
inat_167380575_289948384.jpg,positivo_conf_alta_sin_revisar,1,0.887
inat_167380575_289948407.jpg,positivo_conf_alta_sin_revisar,1,0.962
inat_168819965_292621345.jpg,positivo_conf_alta_sin_revisar,1,0.94
inat_168819968_292621393.jpg,positivo,1,0.41
inat_168819970_292621446.jpg,positivo_conf_alta_sin_revisar,1,0.746
inat_168819979_292621563.jpg,positivo_conf_alta_sin_revisar,1,0.947
inat_170940246_296561476.jpg,positivo_conf_alta_sin_revisar,1,0.771
inat_170940246_296561499.jpg,positivo_conf_alta_sin_revisar,1,0.906
inat_170940246_296561530.jpg,positivo_conf_alta_sin_revisar,1,0.919
inat_170940246_296561558.jpg,positivo_conf_alta_sin_revisar,1,0.936
inat_170940246_296561583.jpg,positivo_conf_alta_sin_revisar,1,0.879
inat_170940246_296561602.jpg,positivo_conf_alta_sin_revisar,1,0.913
inat_170940246_296561623.jpg,positivo_conf_alta_sin_revisar,1,0.675
inat_170940246_296561642.jpg,positivo_conf_alta_sin_revisar,1,0.952
inat_171567436_297727331.jpg,positivo_conf_alta_sin_revisar,2,0.566
inat_173296416_300932597.jpg,positivo_conf_alta_sin_revisar,1,0.842
inat_173296416_300932667.jpg,positivo_conf_alta_sin_revisar,1,0.553
inat_173296416_300932744.jpg,positivo_conf_alta_sin_revisar,1,0.893
inat_174381180_302938670.jpg,positivo_conf_alta_sin_revisar,1,0.826
inat_175460020_304936637.jpg,positivo,0,0.0
inat_175460020_304936660.jpg,positivo,0,0.0
inat_175487199_304987098.jpg,positivo,1,0.285
inat_182167210_317571726.jpg,positivo_conf_alta_sin_revisar,1,0.863
inat_182167210_317571727.jpg,positivo_conf_alta_sin_revisar,1,0.92
inat_182824046_318839266.jpg,positivo_conf_alta_sin_revisar,1,0.783
inat_18304924_27968259.jpg,positivo_conf_alta_sin_revisar,1,0.891
inat_18304927_27968301.jpg,positivo_conf_alta_sin_revisar,1,0.903
inat_18304929_27968315.jpg,positivo_conf_alta_sin_revisar,1,0.898
inat_184930345_322866890.jpg,positivo_conf_alta_sin_revisar,2,0.709
inat_185165510_323340869.jpg,positivo_conf_alta_sin_revisar,1,0.941
inat_185426608_323841091.jpg,positivo_conf_alta_sin_revisar,3,0.614
inat_185509729_323996904.jpg,positivo_conf_alta_sin_revisar,1,0.887
inat_18877345_28925395.jpg,positivo_conf_alta_sin_revisar,1,0.695
inat_188886269_330732669.jpg,positivo_conf_alta_sin_revisar,2,0.61
inat_189167054_331299048.jpg,positivo,1,0.327
inat_189349548_331675662.jpg,positivo_conf_alta_sin_revisar,1,0.631
inat_189472885_331930279.jpg,positivo,0,0.0
inat_190068938_333113479.jpg,positivo_conf_alta_sin_revisar,1,0.882
inat_190362112_333687325.jpg,positivo_conf_alta_sin_revisar,1,0.926
inat_190412124_333788182_frame_000.jpg,positivo,0,0.0
inat_190431127_333826343.jpg,positivo_conf_alta_sin_revisar,2,0.632
inat_190431127_333826430.jpg,positivo_conf_alta_sin_revisar,1,0.863
inat_190728161_334419616.jpg,positivo_conf_alta_sin_revisar,1,0.7
inat_191714320_336389367.jpg,positivo,1,0.245
inat_192459874_337861721.jpg,positivo_conf_alta_sin_revisar,1,0.647
inat_193563889_340040527.jpg,positivo_conf_alta_sin_revisar,1,0.779
inat_193563889_340040541.jpg,positivo,0,0.0
inat_193563889_340040550.jpg,positivo,1,0.42
inat_193563889_340040562.jpg,positivo,1,0.266
inat_193563889_340040573.jpg,positivo,0,0.0
inat_193563889_340040592.jpg,positivo,0,0.0
inat_193988354_340871805.jpg,positivo,1,0.238
inat_193988354_340871808.jpg,positivo,0,0.0
inat_194197261_341291670.jpg,positivo_conf_alta_sin_revisar,1,0.811
inat_194197261_341291687.jpg,positivo_conf_alta_sin_revisar,1,0.792
inat_194934340_342795704.jpg,positivo_conf_alta_sin_revisar,1,0.942
inat_194934340_342795782.jpg,positivo_conf_alta_sin_revisar,1,0.804
inat_194934340_342795811.jpg,positivo_conf_alta_sin_revisar,1,0.887
inat_194934340_342795855.jpg,positivo_conf_alta_sin_revisar,1,0.712
inat_194934340_342795909.jpg,positivo_conf_alta_sin_revisar,1,0.89
inat_194934340_342795938.jpg,positivo,0,0.0
inat_194934340_342796026.jpg,positivo_conf_alta_sin_revisar,1,0.841
inat_195559045_344072676.jpg,positivo_conf_alta_sin_revisar,1,0.884
inat_195559045_344074298.jpg,positivo,0,0.0
inat_195579802_344114384.jpg,positivo_conf_alta_sin_revisar,1,0.936
inat_195579802_344114399.jpg,positivo_conf_alta_sin_revisar,1,0.806
inat_195579802_344114414.jpg,positivo_conf_alta_sin_revisar,1,0.915
inat_195579802_344114436.jpg,positivo_conf_alta_sin_revisar,1,0.773
inat_195817525_344593084.jpg,positivo_conf_alta_sin_revisar,1,0.843
inat_195817525_344593087.jpg,positivo_conf_alta_sin_revisar,1,0.904
inat_19606548_30185734.jpg,positivo_conf_alta_sin_revisar,1,0.635
inat_19606548_30185737.jpg,positivo_conf_alta_sin_revisar,1,0.931
inat_196124797_345208668.jpg,positivo,0,0.0
inat_196124797_345208705.jpg,positivo,0,0.0
inat_196859657_346571726_frame_000.jpg,positivo,1,0.549
inat_196859657_346571726_frame_009.jpg,positivo,1,0.54
inat_196860866_346574052.jpg,positivo_conf_alta_sin_revisar,2,0.877
inat_196917960_346688999.jpg,positivo_conf_alta_sin_revisar,1,0.936
inat_196918298_346691190_frame_001.jpg,positivo,0,0.0
inat_196918298_346691190_frame_018.jpg,positivo,0,0.0
inat_197070185_347000902_frame_000.jpg,positivo,1,0.306
inat_197070185_347000902_frame_007.jpg,positivo,0,0.0
inat_197070185_347000902_frame_009.jpg,positivo,1,0.411
inat_197070875_347002485_frame_003.jpg,positivo,0,0.0
inat_197070875_347002485_frame_038.jpg,positivo,1,0.456
inat_197070875_347002485_frame_061.jpg,positivo,1,0.82
inat_197071131_347003626.jpg,positivo_conf_alta_sin_revisar,2,0.772
inat_197223589_347309107.jpg,positivo,0,0.0
inat_197231536_347322704.jpg,positivo_conf_alta_sin_revisar,1,0.857
inat_197231536_347322731.jpg,positivo_conf_alta_sin_revisar,1,0.802
inat_197402719_347670771.jpg,positivo_conf_alta_sin_revisar,1,0.897
inat_197402920_347671298.jpg,positivo_conf_alta_sin_revisar,1,0.86
inat_197499498_347866473.jpg,positivo_conf_alta_sin_revisar,1,0.885
inat_197499498_347866482.jpg,positivo_conf_alta_sin_revisar,1,0.864
inat_197839918_348550682.jpg,positivo,0,0.0
inat_197839918_351831068.jpg,positivo_conf_alta_sin_revisar,2,0.775
inat_198577276_350030978.jpg,positivo_conf_alta_sin_revisar,1,0.912
inat_198695778_350264124.jpg,positivo_conf_alta_sin_revisar,1,0.915
inat_19930100_30745666.jpg,positivo,0,0.0
inat_199368482_351583542.jpg,positivo_conf_alta_sin_revisar,2,0.806
inat_199368552_351584124.jpg,positivo_conf_alta_sin_revisar,1,0.732
inat_19947593_30777867.jpg,positivo_conf_alta_sin_revisar,1,0.814
inat_199573459_351971525.jpg,positivo,0,0.0
inat_199573459_351971596.jpg,positivo_conf_alta_sin_revisar,1,0.8
inat_200322984_353408850.jpg,positivo_conf_alta_sin_revisar,1,0.933
inat_201164936_355055168.jpg,positivo_conf_alta_sin_revisar,1,0.966
inat_201164936_355055203.jpg,positivo_conf_alta_sin_revisar,1,0.668
inat_20131658_31047441.jpg,positivo_conf_alta_sin_revisar,1,0.944
inat_202007115_356690340.jpg,positivo_conf_alta_sin_revisar,2,0.899
inat_202169168_357006903.jpg,positivo_conf_alta_sin_revisar,1,0.857
inat_202169436_357007614.jpg,positivo_conf_alta_sin_revisar,1,0.897
inat_202169795_357008330_frame_003.jpg,positivo,1,0.489
inat_202169795_357008330_frame_010.jpg,positivo,1,0.692
inat_202169795_357008330_frame_014.jpg,positivo,0,0.0
inat_202170016_357008799_frame_003.jpg,positivo,1,0.891
inat_202170016_357008799_frame_006.jpg,positivo,1,0.968
inat_202170016_357008799_frame_009.jpg,positivo,1,0.933
inat_202170016_357008799_frame_014.jpg,positivo,1,0.776
inat_202170207_357009170.jpg,positivo_conf_alta_sin_revisar,1,0.612
inat_20237971_31234275.jpg,positivo,2,0.464
inat_20237971_31234280.jpg,positivo_conf_alta_sin_revisar,2,0.776
inat_20237971_79034741.jpg,positivo_conf_alta_sin_revisar,1,0.68
inat_20237971_79034742.jpg,positivo,1,0.415
inat_20237971_79034743.jpg,positivo,0,0.0
inat_20237971_79034744.jpg,positivo_conf_alta_sin_revisar,1,0.8
inat_20237971_79034745.jpg,positivo,1,0.339
inat_20237971_79034746.jpg,positivo,0,0.0
inat_202554131_357751054.jpg,positivo_conf_alta_sin_revisar,1,0.891
inat_202554131_357751069.jpg,positivo_conf_alta_sin_revisar,1,0.922
inat_202554131_357751075.jpg,positivo_conf_alta_sin_revisar,1,0.936
inat_202554131_357751175.jpg,positivo_conf_alta_sin_revisar,1,0.902
inat_202554131_357751179.jpg,positivo_conf_alta_sin_revisar,1,0.915
inat_202554131_357751191.jpg,positivo_conf_alta_sin_revisar,1,0.94
inat_20264187_31278908.jpg,positivo_conf_alta_sin_revisar,3,0.718
inat_20264187_31278915.jpg,positivo_conf_alta_sin_revisar,1,0.806
inat_202957609_358520878.jpg,positivo_conf_alta_sin_revisar,1,0.701
inat_204503138_361482848.jpg,positivo,1,0.236
inat_204503138_361482859.jpg,positivo,0,0.0
inat_204503138_361482862.jpg,positivo,0,0.0
inat_204503138_361482873.jpg,positivo,0,0.0
inat_204503138_361482881.jpg,positivo,1,0.271
inat_204503138_361482888.jpg,positivo,1,0.396
inat_204503138_361482889.jpg,positivo,1,0.24
inat_204503138_361482910.jpg,positivo,0,0.0
inat_206517028_365259213.jpg,positivo_conf_alta_sin_revisar,1,0.917
inat_206517028_365259239.jpg,positivo_conf_alta_sin_revisar,1,0.865
inat_206517028_365259261.jpg,positivo_conf_alta_sin_revisar,1,0.867
inat_206517028_365259283.jpg,positivo_conf_alta_sin_revisar,1,0.929
inat_207852911_367698207.jpg,positivo_conf_alta_sin_revisar,1,0.807
inat_207852911_367698225.jpg,positivo_conf_alta_sin_revisar,1,0.629
inat_207852911_367698244.jpg,positivo_conf_alta_sin_revisar,2,0.873
inat_209124147_370061828.jpg,positivo_conf_alta_sin_revisar,1,0.961
inat_209124147_370061830.jpg,positivo_conf_alta_sin_revisar,1,0.941
inat_209124147_370061834.jpg,positivo_conf_alta_sin_revisar,2,0.816
inat_209137859_370086414.jpg,positivo_conf_alta_sin_revisar,1,0.927
inat_20996686_32428324.jpg,positivo,0,0.0
inat_212924159_376275303.jpg,positivo,0,0.0
inat_212924492_376275897.jpg,positivo_conf_alta_sin_revisar,1,0.927
inat_214259825_378698589.jpg,positivo_conf_alta_sin_revisar,2,0.546
inat_21451094_33189381.jpg,positivo,0,0.0
inat_217136302_384088043.jpg,positivo,0,0.0
inat_217731423_385212806.jpg,positivo_conf_alta_sin_revisar,1,0.88
inat_219866404_389205473.jpg,positivo_conf_alta_sin_revisar,1,0.708
inat_221440172_392151884.jpg,positivo_conf_alta_sin_revisar,1,0.824
inat_22276563_34497962.jpg,positivo_conf_alta_sin_revisar,1,0.78
inat_222900651_394888153.jpg,positivo_conf_alta_sin_revisar,1,0.606
inat_224335919_397594433.jpg,positivo_conf_alta_sin_revisar,2,0.809
inat_224750818_398377940.jpg,positivo,0,0.0
inat_224750911_398378148.jpg,positivo,1,0.344
inat_224913815_398689035.jpg,positivo_conf_alta_sin_revisar,1,0.955
inat_224913815_398689040.jpg,positivo_conf_alta_sin_revisar,1,0.955
inat_225136894_399120893.jpg,positivo,1,0.305
inat_227153601_402937708.jpg,positivo_conf_alta_sin_revisar,1,0.97
inat_227170497_402966695.jpg,positivo_conf_alta_sin_revisar,1,0.905
inat_227170497_402966699.jpg,positivo_conf_alta_sin_revisar,1,0.821
inat_227170507_402966961.jpg,positivo_conf_alta_sin_revisar,1,0.897
inat_227170507_402966966.jpg,positivo_conf_alta_sin_revisar,1,0.93
inat_227614574_404251753.jpg,positivo,0,0.0
inat_227661482_403900397.jpg,positivo_conf_alta_sin_revisar,1,0.906
inat_227661482_403900511.jpg,positivo_conf_alta_sin_revisar,1,0.921
inat_227661482_403900512.jpg,positivo_conf_alta_sin_revisar,1,0.908
inat_227661482_403900562.jpg,positivo_conf_alta_sin_revisar,1,0.899
inat_227661482_403900563.jpg,positivo_conf_alta_sin_revisar,2,0.833
inat_227661482_403900589.jpg,positivo_conf_alta_sin_revisar,3,0.804
inat_227661482_403900591.jpg,positivo_conf_alta_sin_revisar,1,0.774
inat_227661482_403900612.jpg,positivo_conf_alta_sin_revisar,2,0.626
inat_227661482_403900616.jpg,positivo_conf_alta_sin_revisar,2,0.559
inat_227661482_403900643.jpg,positivo_conf_alta_sin_revisar,1,0.951
inat_227661482_403900661.jpg,positivo_conf_alta_sin_revisar,1,0.952
inat_227661482_403900670.jpg,positivo_conf_alta_sin_revisar,1,0.963
inat_227661482_403900677.jpg,positivo_conf_alta_sin_revisar,1,0.967
inat_227661482_403900683.jpg,positivo_conf_alta_sin_revisar,1,0.81
inat_227661482_403900694.jpg,positivo_conf_alta_sin_revisar,1,0.966
inat_227661482_403900700.jpg,positivo_conf_alta_sin_revisar,1,0.958
inat_227661482_403900711.jpg,positivo_conf_alta_sin_revisar,1,0.968
inat_227661482_403900713.jpg,positivo_conf_alta_sin_revisar,1,0.969
inat_227661482_403900722.jpg,positivo_conf_alta_sin_revisar,1,0.971
inat_227661482_403900738.jpg,positivo_conf_alta_sin_revisar,1,0.951
inat_227792181_404145000.jpg,positivo_conf_alta_sin_revisar,1,0.934
inat_227792181_404145081.jpg,positivo_conf_alta_sin_revisar,1,0.927
inat_228124855_404780754.jpg,positivo_conf_alta_sin_revisar,1,0.757
inat_229584992_407539493.jpg,positivo,0,0.0
inat_229584992_407541356.jpg,positivo_conf_alta_sin_revisar,2,0.821
inat_229987413_408306771.jpg,positivo_conf_alta_sin_revisar,1,0.759
inat_233817249_415575053.jpg,positivo_conf_alta_sin_revisar,1,0.78
inat_233817249_415575091.jpg,positivo_conf_alta_sin_revisar,2,0.813
inat_235332563_418509011.jpg,positivo_conf_alta_sin_revisar,1,0.874
inat_235332563_418509019.jpg,positivo_conf_alta_sin_revisar,1,0.854
inat_235332563_418509059.jpg,positivo_conf_alta_sin_revisar,1,0.824
inat_235344362_418531097.jpg,positivo_conf_alta_sin_revisar,1,0.794
inat_235344362_418531797.jpg,positivo_conf_alta_sin_revisar,1,0.713
inat_235345232_418532824.jpg,positivo_conf_alta_sin_revisar,2,0.661
inat_235345232_418532869.jpg,positivo_conf_alta_sin_revisar,3,0.831
inat_235345232_418532916.jpg,positivo_conf_alta_sin_revisar,1,0.84
inat_235345232_418532974.jpg,positivo_conf_alta_sin_revisar,1,0.892
inat_235464964_418766399.jpg,positivo_conf_alta_sin_revisar,1,0.95
inat_235464964_418766462.jpg,positivo_conf_alta_sin_revisar,1,0.95
inat_235464964_418766551.jpg,positivo_conf_alta_sin_revisar,1,0.924
inat_238343677_424315719.jpg,positivo_conf_alta_sin_revisar,1,0.932
inat_238343677_424394175.jpg,positivo_conf_alta_sin_revisar,1,0.742
inat_238343677_424394390.jpg,positivo_conf_alta_sin_revisar,1,0.896
inat_240838303_429114370.jpg,positivo_conf_alta_sin_revisar,1,0.91
inat_244105568_435390292.jpg,positivo,0,0.0
inat_244105568_435390759.jpg,positivo_conf_alta_sin_revisar,1,0.68
inat_244105709_435390868.jpg,positivo_conf_alta_sin_revisar,1,0.887
inat_244105709_435391126.jpg,positivo_conf_alta_sin_revisar,1,0.519
inat_24426235_37772628.jpg,positivo_conf_alta_sin_revisar,1,0.598
inat_244962862_437036584.jpg,positivo_conf_alta_sin_revisar,1,0.912
inat_244962862_437036628.jpg,positivo_conf_alta_sin_revisar,2,0.676
inat_244962862_437036679.jpg,positivo_conf_alta_sin_revisar,1,0.958
inat_244962862_437036709.jpg,positivo_conf_alta_sin_revisar,1,0.936
inat_247924795_442891531.jpg,positivo_conf_alta_sin_revisar,1,0.948
inat_248518633_444064470.jpg,positivo,0,0.0
inat_248518633_444064511.jpg,positivo_conf_alta_sin_revisar,1,0.577
inat_249114207_445252794.jpg,positivo_conf_alta_sin_revisar,1,0.92
inat_249785296_446585749.jpg,positivo_conf_alta_sin_revisar,1,0.783
inat_249785296_446585757.jpg,positivo_conf_alta_sin_revisar,1,0.555
inat_250622090_448266145.jpg,positivo_conf_alta_sin_revisar,1,0.763
inat_250967820_448942886.jpg,positivo,0,0.0
inat_250967820_448942887.jpg,positivo,1,0.329
inat_250967820_448942890.jpg,positivo,0,0.0
inat_251806640_450629396.jpg,positivo_conf_alta_sin_revisar,1,0.861
inat_252065744_451149625.jpg,positivo,0,0.0
inat_252065744_451149673.jpg,positivo_conf_alta_sin_revisar,1,0.596
inat_252935526_452827520.jpg,positivo,1,0.336
inat_252952832_452856480.jpg,positivo_conf_alta_sin_revisar,1,0.643
inat_253898562_454680396.jpg,positivo,0,0.0
inat_253898562_454680432.jpg,positivo,0,0.0
inat_253898562_454680485.jpg,positivo,0,0.0
inat_254351030_455572394.jpg,positivo_conf_alta_sin_revisar,1,0.541
inat_254557459_455977439.jpg,positivo,0,0.0
inat_254557459_455977464.jpg,positivo_conf_alta_sin_revisar,1,0.769
inat_254557459_455977469.jpg,positivo_conf_alta_sin_revisar,1,0.906
inat_254557464_455977357.jpg,positivo,0,0.0
inat_254557464_455977379.jpg,positivo,1,0.309
inat_254557464_455977381.jpg,positivo,1,0.358
inat_254557464_455977390.jpg,positivo_conf_alta_sin_revisar,1,0.688
inat_254557464_455977395.jpg,positivo,0,0.0
inat_254557464_455977405.jpg,positivo_conf_alta_sin_revisar,1,0.58
inat_254557464_455977450.jpg,positivo_conf_alta_sin_revisar,1,0.662
inat_254557465_455977429.jpg,positivo_conf_alta_sin_revisar,1,0.897
inat_254557465_455977520.jpg,positivo_conf_alta_sin_revisar,1,0.854
inat_254557465_455977526.jpg,positivo_conf_alta_sin_revisar,1,0.831
inat_254557465_455977527.jpg,positivo_conf_alta_sin_revisar,1,0.906
inat_254557465_455977556.jpg,positivo_conf_alta_sin_revisar,1,0.902
inat_254557465_455977574.jpg,positivo_conf_alta_sin_revisar,1,0.72
inat_255111054_457102130.jpg,positivo_conf_alta_sin_revisar,1,0.88
inat_255542757_457966354.jpg,positivo,0,0.0
inat_2560070_2851705.jpg,positivo_conf_alta_sin_revisar,1,0.695
inat_2560070_2851716.jpg,positivo_conf_alta_sin_revisar,1,0.576
inat_2560070_2851717.jpg,positivo_conf_alta_sin_revisar,1,0.587
inat_2560070_2851718.jpg,positivo_conf_alta_sin_revisar,2,0.585
inat_2560070_2851719.jpg,positivo_conf_alta_sin_revisar,1,0.789
inat_2560070_2851729.jpg,positivo_conf_alta_sin_revisar,1,0.896
inat_2560070_2851730.jpg,positivo,3,0.41
inat_2560070_2851731.jpg,positivo,1,0.484
inat_256663767_460239841.jpg,positivo_conf_alta_sin_revisar,1,0.518
inat_256663767_460239842.jpg,positivo_conf_alta_sin_revisar,1,0.876
inat_256920636_460748167.jpg,positivo,0,0.0
inat_256920636_460748174.jpg,positivo,1,0.322
inat_256920636_460748177.jpg,positivo,2,0.485
inat_256920636_460748196.jpg,positivo_conf_alta_sin_revisar,1,0.51
inat_256920636_460748203.jpg,positivo_conf_alta_sin_revisar,1,0.594
inat_256920636_460748212.jpg,positivo,0,0.0
inat_256920636_460748227.jpg,positivo,1,0.335
inat_257799432_462519642.jpg,positivo,1,0.381
inat_258055864_463351279.jpg,positivo,0,0.0
inat_258055864_463351283.jpg,positivo,0,0.0
inat_258055864_463351285.jpg,positivo_conf_alta_sin_revisar,1,0.756
inat_258081313_462989325.jpg,positivo_conf_alta_sin_revisar,1,0.936
inat_258082272_462991145.jpg,positivo_conf_alta_sin_revisar,1,0.942
inat_258741220_464302163.jpg,positivo,0,0.0
inat_258779859_464380123.jpg,positivo,0,0.0
inat_258779859_464380166.jpg,positivo,0,0.0
inat_258779859_464380187.jpg,positivo,0,0.0
inat_259056666_464944617.jpg,positivo_conf_alta_sin_revisar,1,0.809
inat_259116687_465065361.jpg,positivo_conf_alta_sin_revisar,2,0.605
inat_259190243_465214962.jpg,positivo_conf_alta_sin_revisar,1,0.674
inat_259190243_465214963.jpg,positivo,1,0.41
inat_259190243_465214966.jpg,positivo,0,0.0
inat_259190243_465214968.jpg,positivo,2,0.222
inat_259324434_465490908.jpg,positivo,1,0.405
inat_259942471_466721805.jpg,positivo,0,0.0
inat_259993810_466822366.jpg,positivo_conf_alta_sin_revisar,1,0.782
inat_261800879_470407640.jpg,positivo_conf_alta_sin_revisar,1,0.905
inat_261800879_470407656.jpg,positivo,1,0.405
inat_261800879_470407661.jpg,positivo_conf_alta_sin_revisar,1,0.863
inat_261800879_470407673.jpg,positivo,0,0.0
inat_262751605_471893313.jpg,positivo_conf_alta_sin_revisar,1,0.82
inat_262751605_471893335.jpg,positivo_conf_alta_sin_revisar,1,0.712
inat_264029265_474419386.jpg,positivo_conf_alta_sin_revisar,1,0.642
inat_264998337_475917067.jpg,positivo_conf_alta_sin_revisar,2,0.57
inat_264998337_475917075.jpg,positivo_conf_alta_sin_revisar,1,0.938
inat_265296922_476506075.jpg,positivo_conf_alta_sin_revisar,2,0.9
inat_265298117_476508500.jpg,positivo_conf_alta_sin_revisar,2,0.62
inat_265299837_476512095.jpg,positivo_conf_alta_sin_revisar,1,0.951
inat_265301011_476513657.jpg,positivo_conf_alta_sin_revisar,1,0.873
inat_265795461_477485251.jpg,positivo,2,0.406
inat_265833436_477561438.jpg,positivo,1,0.334
inat_265870047_477630278.jpg,positivo_conf_alta_sin_revisar,1,0.957
inat_266506102_478850363.jpg,positivo_conf_alta_sin_revisar,1,0.925
inat_266506102_478850370.jpg,positivo_conf_alta_sin_revisar,1,0.95
inat_266506102_478850392.jpg,positivo_conf_alta_sin_revisar,1,0.949
inat_266506102_478850403.jpg,positivo_conf_alta_sin_revisar,1,0.956
inat_266506102_478850411.jpg,positivo_conf_alta_sin_revisar,1,0.929
inat_266506102_478850435.jpg,positivo_conf_alta_sin_revisar,1,0.884
inat_266506102_478850468.jpg,positivo_conf_alta_sin_revisar,1,0.642
inat_266506102_478850477.jpg,positivo_conf_alta_sin_revisar,1,0.548
inat_266506102_478850487.jpg,positivo_conf_alta_sin_revisar,1,0.667
inat_266506102_478850498.jpg,positivo_conf_alta_sin_revisar,1,0.744
inat_266506102_478850506.jpg,positivo_conf_alta_sin_revisar,1,0.939
inat_266506102_478850600.jpg,positivo_conf_alta_sin_revisar,2,0.918
inat_266506102_482140439.jpg,positivo_conf_alta_sin_revisar,1,0.94
inat_267557014_480831177.jpg,positivo_conf_alta_sin_revisar,1,0.921
inat_267557014_480831191.jpg,positivo_conf_alta_sin_revisar,3,0.895
inat_268470121_482565329.jpg,positivo,2,0.426
inat_268470121_482565513.jpg,positivo_conf_alta_sin_revisar,2,0.552
inat_268470126_482565702.jpg,positivo_conf_alta_sin_revisar,1,0.701
inat_268470424_482568294.jpg,positivo_conf_alta_sin_revisar,1,0.626
inat_268470424_482568306.jpg,positivo_conf_alta_sin_revisar,1,0.873
inat_268470426_482568307.jpg,positivo_conf_alta_sin_revisar,2,0.826
inat_268470426_482568314.jpg,positivo_conf_alta_sin_revisar,1,0.903
inat_268470426_482568326.jpg,positivo_conf_alta_sin_revisar,1,0.914
inat_268470426_482568339.jpg,positivo_conf_alta_sin_revisar,2,0.965
inat_268470426_482568341.jpg,positivo_conf_alta_sin_revisar,2,0.965
inat_268470426_482568347.jpg,positivo_conf_alta_sin_revisar,1,0.568
inat_268470426_482569047.jpg,positivo_conf_alta_sin_revisar,2,0.928
inat_268470426_482569060.jpg,positivo_conf_alta_sin_revisar,1,0.556
inat_268470426_482569079.jpg,positivo_conf_alta_sin_revisar,1,0.831
inat_268662277_482948605.jpg,positivo,0,0.0
inat_268662277_482948665.jpg,positivo_conf_alta_sin_revisar,1,0.574
inat_268662277_482948786.jpg,positivo,1,0.28
inat_268662277_482948892.jpg,positivo_conf_alta_sin_revisar,1,0.586
inat_269793080_485132362.jpg,positivo,1,0.498
inat_270722673_486899149.jpg,positivo_conf_alta_sin_revisar,1,0.744
inat_270722673_486899230.jpg,positivo,0,0.0
inat_270722673_486899282.jpg,positivo,1,0.288
inat_272490239_490236512.jpg,positivo_conf_alta_sin_revisar,1,0.934
inat_272590682_490415245.jpg,positivo_conf_alta_sin_revisar,1,0.947
inat_27421724_42666546.jpg,positivo_conf_alta_sin_revisar,1,0.954
inat_27766119_43234876.jpg,positivo,0,0.0
inat_27766119_43235343.jpg,positivo_conf_alta_sin_revisar,1,0.592
inat_27766119_43720909.jpg,positivo_conf_alta_sin_revisar,1,0.868
inat_277766545_499235883.jpg,positivo_conf_alta_sin_revisar,1,0.81
inat_277766545_499236889.jpg,positivo_conf_alta_sin_revisar,1,0.845
inat_277766545_499236938.jpg,positivo_conf_alta_sin_revisar,1,0.95
inat_277949312_499083372.jpg,positivo_conf_alta_sin_revisar,1,0.944
inat_279694118_502274628.jpg,positivo,0,0.0
inat_280575921_503933806.jpg,positivo_conf_alta_sin_revisar,1,0.735
inat_280575921_503933870.jpg,positivo_conf_alta_sin_revisar,1,0.915
inat_280575921_503933974.jpg,positivo_conf_alta_sin_revisar,1,0.935
inat_280575921_503934024.jpg,positivo_conf_alta_sin_revisar,1,0.74
inat_280575921_503934062.jpg,positivo_conf_alta_sin_revisar,1,0.894
inat_280575921_503934146.jpg,positivo_conf_alta_sin_revisar,2,0.655
inat_281368015_505426966.jpg,positivo_conf_alta_sin_revisar,1,0.763
inat_281368015_505426999.jpg,positivo_conf_alta_sin_revisar,1,0.863
inat_282722776_507961208.jpg,positivo,1,0.487
inat_283456371_509329243.jpg,positivo_conf_alta_sin_revisar,1,0.591
inat_283456371_509329246.jpg,positivo_conf_alta_sin_revisar,1,0.508
inat_283456371_509329267.jpg,positivo,1,0.267
inat_283456371_509329274.jpg,positivo,0,0.0
inat_283456371_509329275.jpg,positivo_conf_alta_sin_revisar,1,0.783
inat_284277908_510877837.jpg,positivo_conf_alta_sin_revisar,1,0.739
inat_28433063_44323320.jpg,positivo_conf_alta_sin_revisar,1,0.939
inat_284738733_511750565.jpg,positivo_conf_alta_sin_revisar,1,0.654
inat_284738734_511750566.jpg,positivo,1,0.41
inat_285063137_512363563.jpg,positivo_conf_alta_sin_revisar,1,0.9
inat_285074463_512384149.jpg,positivo_conf_alta_sin_revisar,1,0.863
inat_285074463_512384216.jpg,positivo_conf_alta_sin_revisar,1,0.887
inat_285074463_512441181.jpg,positivo,1,0.306
inat_285074463_512444036.jpg,positivo_conf_alta_sin_revisar,1,0.787
inat_285144458_512510335.jpg,positivo_conf_alta_sin_revisar,1,0.941
inat_285192120_512613584.jpg,positivo,1,0.262
inat_285237118_512690775.jpg,positivo,1,0.262
inat_285367347_512928443.jpg,positivo,0,0.0
inat_285367347_512930586.jpg,positivo_conf_alta_sin_revisar,1,0.651
inat_285368666_512930939.jpg,positivo,0,0.0
inat_285368666_512930982.jpg,positivo,1,0.473
inat_285384907_512960923.jpg,positivo_conf_alta_sin_revisar,1,0.569
inat_285946390_514008226.jpg,positivo,0,0.0
inat_286358549_514792343.jpg,positivo_conf_alta_sin_revisar,1,0.931
inat_286359998_514794990.jpg,positivo_conf_alta_sin_revisar,1,0.808
inat_287330384_516628710.jpg,positivo_conf_alta_sin_revisar,1,0.941
inat_287330384_516628722.jpg,positivo_conf_alta_sin_revisar,1,0.963
inat_287420663_516833638.jpg,positivo_conf_alta_sin_revisar,1,0.878
inat_287420663_516833719.jpg,positivo_conf_alta_sin_revisar,1,0.904
inat_288091427_518053917.jpg,positivo_conf_alta_sin_revisar,1,0.908
inat_290515920_522621411.jpg,positivo,0,0.0
inat_290515920_522621917.jpg,positivo,1,0.338
inat_291331507_524157785.jpg,positivo_conf_alta_sin_revisar,1,0.8
inat_293909205_528976191.jpg,positivo_conf_alta_sin_revisar,1,0.936
inat_293909205_528976195.jpg,positivo_conf_alta_sin_revisar,1,0.79
inat_293909205_528976199.jpg,positivo_conf_alta_sin_revisar,1,0.913
inat_293909205_528976213.jpg,positivo_conf_alta_sin_revisar,1,0.905
inat_295090976_531206083.jpg,positivo_conf_alta_sin_revisar,1,0.954
inat_297975893_536680519.jpg,positivo_conf_alta_sin_revisar,1,0.832
inat_298187182_537084628.jpg,positivo_conf_alta_sin_revisar,1,0.92
inat_298208812_537123972.jpg,positivo,0,0.0
inat_298208812_537123982.jpg,positivo,0,0.0
inat_298208812_537123989.jpg,positivo,0,0.0
inat_298209541_537125624.jpg,positivo_conf_alta_sin_revisar,1,0.809
inat_299188751_539006021.jpg,positivo_conf_alta_sin_revisar,1,0.647
inat_299188902_539063411.jpg,positivo_conf_alta_sin_revisar,1,0.798
inat_300220401_540915631.jpg,positivo,0,0.0
inat_300220401_540915658.jpg,positivo_conf_alta_sin_revisar,1,0.539
inat_301591929_543472685.jpg,positivo_conf_alta_sin_revisar,1,0.955
inat_302629230_545409424.jpg,positivo_conf_alta_sin_revisar,1,0.792
inat_302629230_545409457.jpg,positivo,0,0.0
inat_302629230_545409558.jpg,positivo,2,0.406
inat_30395026_47486195.jpg,positivo_conf_alta_sin_revisar,1,0.904
inat_30395026_47487220.jpg,positivo_conf_alta_sin_revisar,1,0.907
inat_30395029_47486200.jpg,positivo_conf_alta_sin_revisar,1,0.795
inat_30395029_47487155.jpg,positivo,1,0.296
inat_30395029_47487157.jpg,positivo_conf_alta_sin_revisar,1,0.524
inat_30406242_47505659.jpg,positivo,0,0.0
inat_304138673_548222120.jpg,positivo_conf_alta_sin_revisar,1,0.683
inat_30442666_47561320.jpg,positivo,0,0.0
inat_305407568_550658102.jpg,positivo_conf_alta_sin_revisar,1,0.626
inat_305919474_551631851.jpg,positivo,0,0.0
inat_306237482_552237593.jpg,positivo_conf_alta_sin_revisar,1,0.904
inat_306598736_552927137.jpg,positivo_conf_alta_sin_revisar,1,0.854
inat_306598736_552927291.jpg,positivo,1,0.408
inat_309053072_557645904.jpg,positivo_conf_alta_sin_revisar,1,0.872
inat_30943799_48379001.jpg,positivo_conf_alta_sin_revisar,1,0.747
inat_30943799_48379137.jpg,positivo,1,0.225
inat_30975850_48433285.jpg,positivo,1,0.401
inat_30976331_48434188.jpg,positivo_conf_alta_sin_revisar,1,0.646
inat_30976331_48434214.jpg,positivo,0,0.0
inat_30977930_48437451.jpg,positivo_conf_alta_sin_revisar,1,0.762
inat_30978130_48437857.jpg,positivo_conf_alta_sin_revisar,1,0.951
inat_30980753_48441294.jpg,positivo_conf_alta_sin_revisar,1,0.894
inat_30980753_48441333.jpg,positivo,0,0.0
inat_30980969_48441675.jpg,positivo_conf_alta_sin_revisar,1,0.876
inat_310110391_559657685.jpg,positivo_conf_alta_sin_revisar,3,0.924
inat_311006082_561375836.jpg,positivo_conf_alta_sin_revisar,1,0.757
inat_311006082_561375871.jpg,positivo,0,0.0
inat_311006082_561375898.jpg,positivo_conf_alta_sin_revisar,1,0.878
inat_311006082_561375926.jpg,positivo_conf_alta_sin_revisar,1,0.934
inat_311006082_561375951.jpg,positivo_conf_alta_sin_revisar,1,0.895
inat_311006082_561375985.jpg,positivo_conf_alta_sin_revisar,1,0.877
inat_311006082_561376008.jpg,positivo_conf_alta_sin_revisar,1,0.9
inat_311006082_561376032.jpg,positivo_conf_alta_sin_revisar,1,0.945
inat_31357205_49070123.jpg,positivo_conf_alta_sin_revisar,1,0.917
inat_315133082_569257117.jpg,positivo_conf_alta_sin_revisar,1,0.944
inat_315133082_569257149.jpg,positivo,2,0.41
inat_316910162_572614652.jpg,positivo_conf_alta_sin_revisar,1,0.781
inat_316910162_572614762.jpg,positivo_conf_alta_sin_revisar,1,0.837
inat_316910162_572614774.jpg,positivo_conf_alta_sin_revisar,1,0.823
inat_320708111_579893786.jpg,positivo_conf_alta_sin_revisar,1,0.792
inat_320708111_579896610.jpg,positivo_conf_alta_sin_revisar,1,0.863
inat_320708111_579896629.jpg,positivo_conf_alta_sin_revisar,1,0.604
inat_321921952_582265509.jpg,positivo_conf_alta_sin_revisar,1,0.856
inat_321953468_582329495.jpg,positivo,1,0.437
inat_321953468_582329516.jpg,positivo,1,0.403
inat_321953468_582329551.jpg,positivo_conf_alta_sin_revisar,1,0.745
inat_321953468_582329598.jpg,positivo,0,0.0
inat_321953468_582329643.jpg,positivo,0,0.0
inat_321953468_582329718.jpg,positivo_conf_alta_sin_revisar,1,0.74
inat_321953468_582329738.jpg,positivo,0,0.0
inat_322044251_582513627.jpg,positivo_conf_alta_sin_revisar,1,0.904
inat_322661323_583741275.jpg,positivo,0,0.0
inat_322661323_583741290.jpg,positivo,1,0.324
inat_322661323_583741299.jpg,positivo,1,0.458
inat_322661323_583741301.jpg,positivo_conf_alta_sin_revisar,1,0.795
inat_322661323_583741320.jpg,positivo_conf_alta_sin_revisar,1,0.554
inat_322661323_583741341.jpg,positivo_conf_alta_sin_revisar,1,0.605
inat_322661323_583741342.jpg,positivo_conf_alta_sin_revisar,1,0.611
inat_322661323_583741348.jpg,positivo,0,0.0
inat_322661323_583741373.jpg,positivo_conf_alta_sin_revisar,1,0.869
inat_322661323_583741379.jpg,positivo,0,0.0
inat_322661323_583741384.jpg,positivo,1,0.245
inat_322661323_583741397.jpg,positivo,0,0.0
inat_322661323_583741408.jpg,positivo,0,0.0
inat_322661323_583741415.jpg,positivo,0,0.0
inat_322661323_583741420.jpg,positivo,1,0.227
inat_322661323_583741439.jpg,positivo,2,0.426
inat_322661323_583741446.jpg,positivo,0,0.0
inat_322661323_583741457.jpg,positivo,1,0.278
inat_322661323_583741476.jpg,positivo,0,0.0
inat_322661323_583741486.jpg,positivo,0,0.0
inat_322664608_583749272.jpg,positivo_conf_alta_sin_revisar,1,0.655
inat_322664608_583749293.jpg,positivo,1,0.262
inat_322664608_583749294.jpg,positivo,0,0.0
inat_322664608_583749307.jpg,positivo,1,0.21
inat_322664608_583749318.jpg,positivo,0,0.0
inat_322664608_583749335.jpg,positivo,1,0.499
inat_322664608_583749359.jpg,positivo,1,0.234
inat_322664608_583749378.jpg,positivo_conf_alta_sin_revisar,1,0.807
inat_322664608_583749434.jpg,positivo_conf_alta_sin_revisar,1,0.716
inat_322664608_583749443.jpg,positivo_conf_alta_sin_revisar,1,0.935
inat_322664608_583749471.jpg,positivo_conf_alta_sin_revisar,1,0.892
inat_322664608_583749513.jpg,positivo_conf_alta_sin_revisar,1,0.5
inat_322664608_583749519.jpg,positivo_conf_alta_sin_revisar,1,0.705
inat_322664608_583749533.jpg,positivo_conf_alta_sin_revisar,1,0.873
inat_322664608_583749563.jpg,positivo_conf_alta_sin_revisar,1,0.921
inat_322664608_583749596.jpg,positivo_conf_alta_sin_revisar,1,0.871
inat_322664608_583749676.jpg,positivo_conf_alta_sin_revisar,1,0.921
inat_322664608_583749720.jpg,positivo_conf_alta_sin_revisar,1,0.826
inat_322664608_583749759.jpg,positivo_conf_alta_sin_revisar,1,0.943
inat_322664608_583749766.jpg,positivo_conf_alta_sin_revisar,1,0.95
inat_322824612_584059835.jpg,positivo_conf_alta_sin_revisar,1,0.954
inat_324591523_587527930.jpg,positivo,0,0.0
inat_324739656_587829642.jpg,positivo_conf_alta_sin_revisar,1,0.808
inat_324758885_587864225.jpg,positivo_conf_alta_sin_revisar,1,0.824
inat_324758885_587864270.jpg,positivo_conf_alta_sin_revisar,1,0.912
inat_324758885_587864283.jpg,positivo_conf_alta_sin_revisar,1,0.941
inat_325385770_589122126.jpg,positivo,0,0.0
inat_325594503_589534011.jpg,positivo_conf_alta_sin_revisar,1,0.954
inat_326027658_590399108.jpg,positivo_conf_alta_sin_revisar,1,0.654
inat_326052695_590446809.jpg,positivo_conf_alta_sin_revisar,1,0.713
inat_327391985_593117621.jpg,positivo,0,0.0
inat_327606298_593543093.jpg,positivo_conf_alta_sin_revisar,1,0.924
inat_327606298_593543114.jpg,positivo_conf_alta_sin_revisar,1,0.948
inat_327606298_593543128.jpg,positivo_conf_alta_sin_revisar,1,0.802
inat_327606298_593543149.jpg,positivo_conf_alta_sin_revisar,1,0.86
inat_327710614_593743330.jpg,positivo,0,0.0
inat_327710614_593743365.jpg,positivo,0,0.0
inat_327792323_593894917.jpg,positivo,1,0.416
inat_327792323_593894919.jpg,positivo_conf_alta_sin_revisar,1,0.642
inat_327803075_593916054.jpg,positivo_conf_alta_sin_revisar,1,0.903
inat_327803154_593916857.jpg,positivo_conf_alta_sin_revisar,1,0.955
inat_327848537_594008593.jpg,positivo_conf_alta_sin_revisar,1,0.936
inat_327851811_597835900.jpg,positivo_conf_alta_sin_revisar,1,0.782
inat_327851811_597836540.jpg,positivo,1,0.364
inat_327851811_597836655.jpg,positivo,1,0.247
inat_327851811_597836853.jpg,positivo_conf_alta_sin_revisar,1,0.699
inat_327851811_597836956.jpg,positivo_conf_alta_sin_revisar,1,0.733
inat_328841178_595967831.jpg,positivo,1,0.348
inat_32890636_51621012.jpg,positivo_conf_alta_sin_revisar,1,0.872
inat_329334258_596954890.jpg,positivo_conf_alta_sin_revisar,1,0.937
inat_329627214_597547788.jpg,positivo,0,0.0
inat_329860038_598007322.jpg,positivo_conf_alta_sin_revisar,1,0.822
inat_330365668_599049003.jpg,positivo,1,0.313
inat_330524329_599375050.jpg,positivo,2,0.227
inat_330524329_599375052.jpg,positivo,1,0.23
inat_330524329_599375055.jpg,positivo,0,0.0
inat_330524329_599375056.jpg,positivo,0,0.0
inat_330524329_599375057.jpg,positivo,0,0.0
inat_330524329_599375058.jpg,positivo,0,0.0
inat_330524329_599375060.jpg,positivo,1,0.228
inat_330524329_599375061.jpg,positivo_conf_alta_sin_revisar,1,0.761
inat_330524329_599375064.jpg,positivo,0,0.0
inat_330524329_599375066.jpg,positivo,0,0.0
inat_330524329_599375067.jpg,positivo,0,0.0
inat_330741656_599826523.jpg,positivo_conf_alta_sin_revisar,1,0.734
inat_331410704_601204430.jpg,positivo,1,0.386
inat_331410704_601204432.jpg,positivo,1,0.439
inat_331462626_601313534.jpg,positivo_conf_alta_sin_revisar,1,0.908
inat_331462626_601313553.jpg,positivo,1,0.288
inat_331462626_601313563.jpg,positivo_conf_alta_sin_revisar,2,0.905
inat_331462626_601313626.jpg,positivo,1,0.23
inat_331462626_601313637.jpg,positivo,0,0.0
inat_331462626_601313658.jpg,positivo_conf_alta_sin_revisar,1,0.83
inat_331462626_601313709.jpg,positivo_conf_alta_sin_revisar,2,0.669
inat_331462626_601313725.jpg,positivo_conf_alta_sin_revisar,2,0.651
inat_332251439_602930439.jpg,positivo_conf_alta_sin_revisar,1,0.726
inat_33226643_52168792.jpg,positivo,0,0.0
inat_332286484_603092726.jpg,positivo,0,0.0
inat_332286484_603092744.jpg,positivo_conf_alta_sin_revisar,1,0.866
inat_332732628_603908292.jpg,positivo_conf_alta_sin_revisar,1,0.939
inat_332732628_603908305.jpg,positivo_conf_alta_sin_revisar,2,0.893
inat_332732628_603908306.jpg,positivo_conf_alta_sin_revisar,1,0.942
inat_332732628_603908322.jpg,positivo_conf_alta_sin_revisar,1,0.917
inat_33306082_52302791.jpg,positivo_conf_alta_sin_revisar,1,0.901
inat_33340910_52359720.jpg,positivo_conf_alta_sin_revisar,2,0.624
inat_334286556_607031805.jpg,positivo_conf_alta_sin_revisar,1,0.623
inat_334286556_607031829.jpg,positivo_conf_alta_sin_revisar,1,0.729
inat_334286556_607031845.jpg,positivo_conf_alta_sin_revisar,1,0.586
inat_334286556_607031858.jpg,positivo_conf_alta_sin_revisar,2,0.89
inat_334286556_607031876.jpg,positivo_conf_alta_sin_revisar,1,0.752
inat_334286556_607031890.jpg,positivo_conf_alta_sin_revisar,1,0.871
inat_334286556_607031906.jpg,positivo,4,0.378
inat_334286556_607031924.jpg,positivo,0,0.0
inat_334450549_607365726.jpg,positivo,0,0.0
inat_334485270_607436333.jpg,positivo,2,0.393
inat_334559150_607587772.jpg,positivo_conf_alta_sin_revisar,1,0.623
inat_334662218_607792042.jpg,positivo_conf_alta_sin_revisar,1,0.634
inat_335428335_609592049.jpg,positivo_conf_alta_sin_revisar,2,0.885
inat_335428335_609592057.jpg,positivo_conf_alta_sin_revisar,2,0.896
inat_335428335_609592063.jpg,positivo_conf_alta_sin_revisar,2,0.854
inat_335428335_609592077.jpg,positivo_conf_alta_sin_revisar,2,0.925
inat_336086781_610673967.jpg,positivo_conf_alta_sin_revisar,1,0.919
inat_336086781_611438225.jpg,positivo,0,0.0
inat_336086781_611438230.jpg,positivo_conf_alta_sin_revisar,1,0.786
inat_336086781_611438239.jpg,positivo_conf_alta_sin_revisar,1,0.937
inat_336086781_611438243.jpg,positivo_conf_alta_sin_revisar,2,0.951
inat_336086781_611438249.jpg,positivo_conf_alta_sin_revisar,1,0.935
inat_336086781_611438260.jpg,positivo_conf_alta_sin_revisar,1,0.94
inat_336399806_611299207.jpg,positivo,1,0.363
inat_336399806_611299212.jpg,positivo_conf_alta_sin_revisar,1,0.783
inat_337211000_612954229.jpg,positivo,0,0.0
inat_338014824_614602509.jpg,positivo_conf_alta_sin_revisar,1,0.93
inat_338242610_615066857.jpg,positivo_conf_alta_sin_revisar,1,0.773
inat_338242610_615068008.jpg,positivo_conf_alta_sin_revisar,1,0.954
inat_338242610_615068034.jpg,positivo,1,0.381
inat_338242610_615068053.jpg,positivo_conf_alta_sin_revisar,1,0.518
inat_338502989_615608476.jpg,positivo_conf_alta_sin_revisar,1,0.953
inat_338911279_616416320.jpg,positivo,0,0.0
inat_339346436_617309528.jpg,positivo_conf_alta_sin_revisar,2,0.586
inat_339495933_617716203.jpg,positivo,0,0.0
inat_339496023_617716212.jpg,positivo,0,0.0
inat_339496023_617716218.jpg,positivo,0,0.0
inat_339496023_617716228.jpg,positivo_conf_alta_sin_revisar,1,0.623
inat_339550771_617718184.jpg,positivo_conf_alta_sin_revisar,1,0.953
inat_339550771_617718193.jpg,positivo_conf_alta_sin_revisar,1,0.803
inat_33968556_53406948.jpg,positivo_conf_alta_sin_revisar,1,0.7
inat_339794405_618207164.jpg,positivo_conf_alta_sin_revisar,1,0.85
inat_339794405_618207165.jpg,positivo_conf_alta_sin_revisar,1,0.873
inat_339824113_618270634.jpg,positivo_conf_alta_sin_revisar,1,0.869
inat_340019034_618669461.jpg,positivo_conf_alta_sin_revisar,1,0.949
inat_340019034_618669482.jpg,positivo_conf_alta_sin_revisar,1,0.944
inat_340358050_619362862.jpg,positivo_conf_alta_sin_revisar,1,0.927
inat_340782794_620221352.jpg,positivo_conf_alta_sin_revisar,1,0.941
inat_340782794_620221353.jpg,positivo_conf_alta_sin_revisar,1,0.943
inat_340782794_620221355.jpg,positivo_conf_alta_sin_revisar,1,0.934
inat_340782794_620221369.jpg,positivo_conf_alta_sin_revisar,1,0.722
inat_342174734_623059003.jpg,positivo_conf_alta_sin_revisar,3,0.804
inat_342174734_623059082.jpg,positivo,2,0.483
inat_343009633_624726094.jpg,positivo,0,0.0
inat_343225428_625171182.jpg,positivo_conf_alta_sin_revisar,1,0.519
inat_343225428_625171188.jpg,positivo,1,0.474
inat_343225428_625171226.jpg,positivo_conf_alta_sin_revisar,1,0.869
inat_343225428_625171227.jpg,positivo_conf_alta_sin_revisar,1,0.832
inat_344020678_626763001.jpg,positivo_conf_alta_sin_revisar,1,0.809
inat_344020678_626763065.jpg,positivo_conf_alta_sin_revisar,1,0.723
inat_344020678_626763408.jpg,positivo_conf_alta_sin_revisar,1,0.711
inat_344020678_626763736.jpg,positivo,1,0.208
inat_344020678_626764185.jpg,positivo,1,0.438
inat_344056031_626839054.jpg,positivo_conf_alta_sin_revisar,1,0.52
inat_344056031_626839097.jpg,positivo_conf_alta_sin_revisar,1,0.692
inat_344697768_628011140.jpg,positivo_conf_alta_sin_revisar,1,0.638
inat_344697768_628011146.jpg,positivo_conf_alta_sin_revisar,1,0.54
inat_344697768_628011184.jpg,positivo,1,0.482
inat_344697768_628011188.jpg,positivo_conf_alta_sin_revisar,2,0.671
inat_344697768_628011202.jpg,positivo_conf_alta_sin_revisar,1,0.851
inat_344697768_628011213.jpg,positivo_conf_alta_sin_revisar,1,0.811
inat_344697768_628011222.jpg,positivo_conf_alta_sin_revisar,2,0.698
inat_34490534_54290036.jpg,positivo_conf_alta_sin_revisar,1,0.834
inat_34490534_54290038.jpg,positivo,1,0.394
inat_344960842_628587077.jpg,positivo_conf_alta_sin_revisar,1,0.762
inat_344960893_628587456.jpg,positivo_conf_alta_sin_revisar,1,0.891
inat_345538681_629729280.jpg,positivo_conf_alta_sin_revisar,1,0.898
inat_345538681_629729299.jpg,positivo_conf_alta_sin_revisar,1,0.534
inat_345538681_629729330.jpg,positivo_conf_alta_sin_revisar,1,0.956
inat_345538681_629729347.jpg,positivo_conf_alta_sin_revisar,1,0.808
inat_345583106_629819962.jpg,positivo_conf_alta_sin_revisar,1,0.939
inat_345583106_629820017.jpg,positivo_conf_alta_sin_revisar,1,0.951
inat_345583106_629820047.jpg,positivo_conf_alta_sin_revisar,1,0.931
inat_345583106_629820076.jpg,positivo_conf_alta_sin_revisar,1,0.922
inat_345583106_629820109.jpg,positivo_conf_alta_sin_revisar,1,0.556
inat_34878154_54948257.jpg,positivo_conf_alta_sin_revisar,1,0.808
inat_349624219_637808081.jpg,positivo,1,0.422
inat_349872186_638290028.jpg,positivo_conf_alta_sin_revisar,1,0.58
inat_351516123_641482041.jpg,positivo_conf_alta_sin_revisar,1,0.89
inat_351516126_641482043.jpg,positivo,1,0.206
inat_351516127_641482045.jpg,positivo_conf_alta_sin_revisar,1,0.904
inat_351516133_641482384.jpg,positivo,0,0.0
inat_351516135_641482403.jpg,positivo,0,0.0
inat_351516137_641482410.jpg,positivo,0,0.0
inat_351516140_641482605.jpg,positivo_conf_alta_sin_revisar,1,0.61
inat_351516141_641482870.jpg,positivo,1,0.442
inat_351516142_641482787.jpg,positivo_conf_alta_sin_revisar,1,0.802
inat_351516145_641482987.jpg,positivo,2,0.441
inat_351516146_641483065.jpg,positivo_conf_alta_sin_revisar,1,0.656
inat_351516147_641483067.jpg,positivo,2,0.38
inat_351516152_641483079.jpg,positivo,0,0.0
inat_351516153_641483284.jpg,positivo,1,0.263
inat_351516154_641483279.jpg,positivo,1,0.409
inat_351516160_641483361.jpg,positivo_conf_alta_sin_revisar,1,0.721
inat_351516161_641483285.jpg,positivo,2,0.289
inat_351516163_641483410.jpg,positivo,2,0.261
inat_351516168_641483416.jpg,positivo,0,0.0
inat_351516170_641483455.jpg,positivo,0,0.0
inat_351516171_641483525.jpg,positivo_conf_alta_sin_revisar,2,0.668
inat_351516174_641483593.jpg,positivo_conf_alta_sin_revisar,1,0.82
inat_351516175_641483645.jpg,positivo_conf_alta_sin_revisar,1,0.881
inat_351598168_641643330.jpg,positivo_conf_alta_sin_revisar,2,0.923
inat_351866524_654434663.jpg,positivo_conf_alta_sin_revisar,1,0.665
inat_351866524_654434732.jpg,positivo,0,0.0
inat_351866524_654434761.jpg,positivo,0,0.0
inat_352358683_643113614.jpg,positivo_conf_alta_sin_revisar,1,0.617
inat_353787379_645463093.jpg,positivo_conf_alta_sin_revisar,1,0.925
inat_353787514_645568793.jpg,positivo_conf_alta_sin_revisar,1,0.944
inat_354300539_646357483.jpg,positivo_conf_alta_sin_revisar,1,0.79
inat_358811826_654604107.jpg,positivo_conf_alta_sin_revisar,1,0.881
inat_359300782_655531384.jpg,positivo_conf_alta_sin_revisar,1,0.911
inat_35977834_56807271.jpg,positivo,0,0.0
inat_360374635_657576256.jpg,positivo_conf_alta_sin_revisar,1,0.896
inat_362589414_661796145.jpg,positivo_conf_alta_sin_revisar,2,0.586
inat_362847370_662282417.jpg,positivo,0,0.0
inat_36352681_57456052.jpg,positivo,1,0.456
inat_36412527_57556471.jpg,positivo_conf_alta_sin_revisar,1,0.623
inat_364447173_665312071.jpg,positivo_conf_alta_sin_revisar,2,0.674
inat_364447173_665312103.jpg,positivo_conf_alta_sin_revisar,1,0.838
inat_364447173_665312123.jpg,positivo_conf_alta_sin_revisar,1,0.756
inat_364447173_665312174.jpg,positivo_conf_alta_sin_revisar,1,0.745
inat_364447173_665312224.jpg,positivo_conf_alta_sin_revisar,1,0.825
inat_364447173_665312248.jpg,positivo_conf_alta_sin_revisar,1,0.866
inat_364447173_674992508.jpg,positivo_conf_alta_sin_revisar,1,0.62
inat_364456716_665331026.jpg,positivo,1,0.428
inat_364553282_665522889.jpg,positivo_conf_alta_sin_revisar,1,0.921
inat_364826385_666030987.jpg,positivo_conf_alta_sin_revisar,1,0.881
inat_364998321_666364022.jpg,positivo,2,0.372
inat_367792235_671682127.jpg,positivo_conf_alta_sin_revisar,1,0.914
inat_367792235_671682235.jpg,positivo_conf_alta_sin_revisar,1,0.963
inat_367853632_671810104.jpg,positivo_conf_alta_sin_revisar,1,0.702
inat_36801638_58233951.jpg,positivo_conf_alta_sin_revisar,1,0.665
inat_368144596_672371091.jpg,positivo_conf_alta_sin_revisar,1,0.661
inat_368144596_672371509.jpg,positivo_conf_alta_sin_revisar,1,0.881
inat_368144596_672371969.jpg,positivo_conf_alta_sin_revisar,1,0.885
inat_368144596_672372415.jpg,positivo_conf_alta_sin_revisar,1,0.539
inat_368149644_672379400.jpg,positivo_conf_alta_sin_revisar,1,0.697
inat_368149644_672379402.jpg,positivo,0,0.0
inat_368149644_672379407.jpg,positivo,0,0.0
inat_368149644_672379445.jpg,positivo_conf_alta_sin_revisar,1,0.859
inat_368161655_682202570.jpg,positivo_conf_alta_sin_revisar,1,0.877
inat_369551257_675043283.jpg,positivo_conf_alta_sin_revisar,2,0.76
inat_370741557_677318315.jpg,positivo_conf_alta_sin_revisar,1,0.89
inat_370741557_677318361.jpg,positivo_conf_alta_sin_revisar,2,0.757
inat_370741557_677318397.jpg,positivo_conf_alta_sin_revisar,1,0.945
inat_370741557_677318438.jpg,positivo,1,0.439
inat_370741557_677318467.jpg,positivo_conf_alta_sin_revisar,1,0.957
inat_371116146_678043644.jpg,positivo_conf_alta_sin_revisar,1,0.78
inat_371116146_678043676.jpg,positivo_conf_alta_sin_revisar,3,0.597
inat_371116146_678043708.jpg,positivo_conf_alta_sin_revisar,3,0.628
inat_371116146_678043726.jpg,positivo_conf_alta_sin_revisar,2,0.862
inat_371116146_678043759.jpg,positivo_conf_alta_sin_revisar,1,0.613
inat_371116146_678043787.jpg,positivo,1,0.33
inat_371116146_678043817.jpg,positivo,0,0.0
inat_371116146_678045686.jpg,positivo_conf_alta_sin_revisar,1,0.752
inat_371245105_678279170.jpg,positivo_conf_alta_sin_revisar,1,0.68
inat_371377548_678526437.jpg,positivo_conf_alta_sin_revisar,1,0.719
inat_371452062_678670667.jpg,positivo_conf_alta_sin_revisar,1,0.924
inat_371452062_678671968.jpg,positivo_conf_alta_sin_revisar,1,0.826
inat_371452062_678671969.jpg,positivo_conf_alta_sin_revisar,1,0.781
inat_371766648_679268031.jpg,positivo_conf_alta_sin_revisar,1,0.835
inat_371766648_679268428.jpg,positivo,1,0.462
inat_371766648_679268430.jpg,positivo_conf_alta_sin_revisar,1,0.901
inat_371766648_679268441.jpg,positivo_conf_alta_sin_revisar,1,0.932
inat_371766648_679268454.jpg,positivo_conf_alta_sin_revisar,3,0.714
inat_371957478_679641693.jpg,positivo_conf_alta_sin_revisar,1,0.85
inat_374491713_684507616_frame_001.jpg,positivo,2,0.43
inat_374491713_684507616_frame_013.jpg,positivo,0,0.0
inat_374687138_684879156.jpg,positivo,0,0.0
inat_374780708_685067206.jpg,positivo_conf_alta_sin_revisar,1,0.816
inat_375008924_685502111.jpg,positivo_conf_alta_sin_revisar,1,0.936
inat_376144543_687693939.jpg,positivo_conf_alta_sin_revisar,1,0.869
inat_380155555_695460971.jpg,positivo,1,0.22
inat_38065943_60444332.jpg,positivo_conf_alta_sin_revisar,1,0.594
inat_381027924_697232827.jpg,positivo_conf_alta_sin_revisar,1,0.836
inat_381027924_697232853.jpg,positivo,0,0.0
inat_381308170_697688992.jpg,positivo_conf_alta_sin_revisar,1,0.941
inat_381308170_697689010.jpg,positivo_conf_alta_sin_revisar,1,0.93
inat_381308170_697689011.jpg,positivo_conf_alta_sin_revisar,1,0.954
inat_384029108_702929636.jpg,positivo_conf_alta_sin_revisar,1,0.756
inat_384029108_702929799.jpg,positivo,1,0.205
inat_384138381_703145886.jpg,positivo_conf_alta_sin_revisar,1,0.92
inat_384301806_703458405.jpg,positivo_conf_alta_sin_revisar,1,0.744
inat_384301806_703458661.jpg,positivo_conf_alta_sin_revisar,1,0.883
inat_384301806_703458718.jpg,positivo_conf_alta_sin_revisar,1,0.871
inat_384301806_703458838.jpg,positivo_conf_alta_sin_revisar,1,0.587
inat_384301806_703458897.jpg,positivo_conf_alta_sin_revisar,1,0.929
inat_387762324_711210894.jpg,positivo,1,0.218
inat_389760420_713968740.jpg,positivo_conf_alta_sin_revisar,1,0.884
inat_390381556_715187375.jpg,positivo_conf_alta_sin_revisar,1,0.699
inat_390381556_715187394.jpg,positivo_conf_alta_sin_revisar,1,0.842
inat_390381556_715187427.jpg,positivo_conf_alta_sin_revisar,1,0.91
inat_390381556_715187440.jpg,positivo_conf_alta_sin_revisar,1,0.585
inat_391008482_716412171.jpg,positivo_conf_alta_sin_revisar,1,0.744
inat_391008482_716412377.jpg,positivo,2,0.481
inat_391971517_718279343.jpg,positivo_conf_alta_sin_revisar,1,0.703
inat_391971517_718279356.jpg,positivo_conf_alta_sin_revisar,1,0.81
inat_392280160_718874268.jpg,positivo_conf_alta_sin_revisar,1,0.83
inat_392280160_718874273.jpg,positivo_conf_alta_sin_revisar,1,0.845
inat_392280160_718874282.jpg,positivo_conf_alta_sin_revisar,1,0.891
inat_392991797_720245901.jpg,positivo_conf_alta_sin_revisar,1,0.935
inat_39318254_62362185.jpg,positivo_conf_alta_sin_revisar,1,0.958
inat_394359318_722961441.jpg,positivo_conf_alta_sin_revisar,1,0.725
inat_394359318_722961443.jpg,positivo,2,0.382
inat_394359318_722961444.jpg,positivo,0,0.0
inat_394359318_722961457.jpg,positivo,2,0.35
inat_39476682_62637454.jpg,positivo_conf_alta_sin_revisar,1,0.925
inat_395450065_725103486.jpg,positivo_conf_alta_sin_revisar,1,0.809
inat_395847042_725864701.jpg,positivo_conf_alta_sin_revisar,1,0.951
inat_395897101_725964198.jpg,positivo,0,0.0
inat_395897101_725964255.jpg,positivo,0,0.0
inat_40437497_64173882.jpg,positivo_conf_alta_sin_revisar,3,0.869
inat_40690518_64503751.jpg,positivo_conf_alta_sin_revisar,1,0.5
inat_40826240_64720256.jpg,positivo_conf_alta_sin_revisar,1,0.887
inat_40826240_64720267.jpg,positivo_conf_alta_sin_revisar,1,0.874
inat_40826240_67655132.jpg,positivo,0,0.0
inat_40826240_67655157.jpg,positivo,0,0.0
inat_40836667_64734733.jpg,positivo_conf_alta_sin_revisar,1,0.683
inat_40836667_64734736.jpg,positivo_conf_alta_sin_revisar,1,0.754
inat_40836667_64734745.jpg,positivo,1,0.389
inat_41835616_66382833.jpg,positivo_conf_alta_sin_revisar,1,0.929
inat_41835616_66383476.jpg,positivo_conf_alta_sin_revisar,1,0.928
inat_41887209_66468683.jpg,positivo_conf_alta_sin_revisar,1,0.838
inat_42415614_67344971.jpg,positivo,1,0.361
inat_42415616_67345007.jpg,positivo_conf_alta_sin_revisar,1,0.892
inat_42415620_67345130.jpg,positivo_conf_alta_sin_revisar,1,0.908
inat_42566614_67592901.jpg,positivo,0,0.0
inat_42567797_67594777.jpg,positivo_conf_alta_sin_revisar,1,0.764
inat_42568480_67595857.jpg,positivo_conf_alta_sin_revisar,2,0.823
inat_42574409_67605496.jpg,positivo,0,0.0
inat_42574409_67606969.jpg,positivo,0,0.0
inat_44231592_70129001.jpg,positivo_conf_alta_sin_revisar,1,0.785
inat_44231592_70129556.jpg,positivo_conf_alta_sin_revisar,1,0.943
inat_44299923_70163934.jpg,positivo,0,0.0
inat_45081966_71474392.jpg,positivo_conf_alta_sin_revisar,2,0.602
inat_46422616_73628357.jpg,positivo_conf_alta_sin_revisar,1,0.824
inat_46627161_73953094.jpg,positivo,0,0.0
inat_46652283_73990424.jpg,positivo,0,0.0
inat_46711174_74084637.jpg,positivo,0,0.0
inat_46711972_74086112.jpg,positivo_conf_alta_sin_revisar,2,0.712
inat_46905601_74387694.jpg,positivo_conf_alta_sin_revisar,1,0.955
inat_46905603_74388301.jpg,positivo_conf_alta_sin_revisar,1,0.777
inat_47020993_74566326.jpg,positivo,1,0.479
inat_47020993_74567134.jpg,positivo_conf_alta_sin_revisar,1,0.58
inat_47020993_74567159.jpg,positivo,0,0.0
inat_47020993_74569278.jpg,positivo_conf_alta_sin_revisar,1,0.681
inat_47172293_74808356.jpg,positivo_conf_alta_sin_revisar,1,0.68
inat_47272875_74973262.jpg,positivo,0,0.0
inat_4763347_5797828.jpg,positivo,1,0.215
inat_4763347_5797867.jpg,positivo_conf_alta_sin_revisar,2,0.6
inat_48546645_77036783.jpg,positivo,0,0.0
inat_48660817_77200359.jpg,positivo,1,0.451
inat_49344081_78329193.jpg,positivo_conf_alta_sin_revisar,1,0.857
inat_49344081_78329214.jpg,positivo_conf_alta_sin_revisar,1,0.596
inat_49344081_78329285.jpg,positivo,1,0.282
inat_49344081_78329345.jpg,positivo_conf_alta_sin_revisar,1,0.894
inat_49672975_78858104.jpg,positivo_conf_alta_sin_revisar,1,0.891
inat_49672975_78858215.jpg,positivo_conf_alta_sin_revisar,2,0.861
inat_49672975_78858327.jpg,positivo_conf_alta_sin_revisar,1,0.669
inat_51211446_81351776.jpg,positivo_conf_alta_sin_revisar,1,0.599
inat_53099915_84436898.jpg,positivo,0,0.0
inat_53181777_84570836.jpg,positivo_conf_alta_sin_revisar,1,0.803
inat_55413181_88234251.jpg,positivo_conf_alta_sin_revisar,1,0.94
inat_58358735_93165305.jpg,positivo_conf_alta_sin_revisar,1,0.629
inat_58367708_93178554.jpg,positivo,2,0.258
inat_58367719_93180257.jpg,positivo,1,0.471
inat_58662504_93671104.jpg,positivo_conf_alta_sin_revisar,1,0.809
inat_58910805_94086278.jpg,positivo,2,0.327
inat_59237210_94637576.jpg,positivo_conf_alta_sin_revisar,1,0.643
inat_59237210_94637579.jpg,positivo_conf_alta_sin_revisar,1,0.917
inat_59237210_94637599.jpg,positivo,1,0.488
inat_61182724_97878360.jpg,positivo_conf_alta_sin_revisar,2,0.825
inat_61770689_98884410.jpg,positivo_conf_alta_sin_revisar,1,0.804
inat_61770689_98884432.jpg,positivo,1,0.382
inat_61770689_98884458.jpg,positivo,0,0.0
inat_61952422_99198203.jpg,positivo_conf_alta_sin_revisar,1,0.742
inat_62669810_100450669.jpg,positivo_conf_alta_sin_revisar,1,0.947
inat_63502754_101921888.jpg,positivo_conf_alta_sin_revisar,1,0.95
inat_63854124_102552886.jpg,positivo_conf_alta_sin_revisar,1,0.929
inat_64181768_103143035.jpg,positivo_conf_alta_sin_revisar,1,0.523
inat_64440045_103601814.jpg,positivo_conf_alta_sin_revisar,1,0.911
inat_65040579_104654675.jpg,positivo_conf_alta_sin_revisar,1,0.938
inat_65757559_105892367.jpg,positivo,0,0.0
inat_65757559_105892677.jpg,positivo,0,0.0
inat_65757866_105892957.jpg,positivo,0,0.0
inat_65758026_105893345.jpg,positivo,1,0.229
inat_65758297_105893594.jpg,positivo_conf_alta_sin_revisar,2,0.851
inat_65758967_105894642.jpg,positivo_conf_alta_sin_revisar,1,0.72
inat_65759134_105894914.jpg,positivo,0,0.0
inat_66042093_106382972.jpg,positivo_conf_alta_sin_revisar,1,0.835
inat_66099850_106484602.jpg,positivo_conf_alta_sin_revisar,1,0.94
inat_66545226_107298059.jpg,positivo_conf_alta_sin_revisar,1,0.846
inat_66545226_107298070.jpg,positivo_conf_alta_sin_revisar,1,0.901
inat_66545226_107298076.jpg,positivo_conf_alta_sin_revisar,1,0.931
inat_66545226_107298083.jpg,positivo_conf_alta_sin_revisar,1,0.932
inat_66545226_107298092.jpg,positivo_conf_alta_sin_revisar,1,0.957
inat_66617503_107432313.jpg,positivo_conf_alta_sin_revisar,1,0.892
inat_66617503_107432442.jpg,positivo_conf_alta_sin_revisar,1,0.94
inat_67876056_109777008.jpg,positivo_conf_alta_sin_revisar,1,0.851
inat_68270326_110501282.jpg,positivo,1,0.208
inat_70734170_115044458.jpg,positivo_conf_alta_sin_revisar,1,0.855
inat_71771197_116903880.jpg,positivo,1,0.201
inat_7346685_9522552.jpg,positivo_conf_alta_sin_revisar,1,0.904
inat_73568198_120116262.jpg,positivo_conf_alta_sin_revisar,1,0.965
inat_73568198_120116278.jpg,positivo_conf_alta_sin_revisar,1,0.835
inat_73568198_120116291.jpg,positivo_conf_alta_sin_revisar,1,0.768
inat_73568198_120116305.jpg,positivo_conf_alta_sin_revisar,1,0.832
inat_73568198_120116320.jpg,positivo_conf_alta_sin_revisar,1,0.943
inat_73568198_120116331.jpg,positivo_conf_alta_sin_revisar,1,0.93
inat_73568198_120116346.jpg,positivo_conf_alta_sin_revisar,1,0.939
inat_73568198_120116357.jpg,positivo,1,0.41
inat_73568198_120116370.jpg,positivo_conf_alta_sin_revisar,1,0.766
inat_73568198_120116378.jpg,positivo_conf_alta_sin_revisar,1,0.872
inat_73568198_120116390.jpg,positivo_conf_alta_sin_revisar,1,0.826
inat_73568198_120116402.jpg,positivo_conf_alta_sin_revisar,2,0.599
inat_73568198_120116410.jpg,positivo_conf_alta_sin_revisar,2,0.763
inat_73568198_120116424.jpg,positivo,1,0.373
inat_73568198_120116433.jpg,positivo_conf_alta_sin_revisar,2,0.555
inat_73720061_120391343.jpg,positivo_conf_alta_sin_revisar,1,0.878
inat_73720061_120391349.jpg,positivo_conf_alta_sin_revisar,1,0.86
inat_73720061_120391361.jpg,positivo_conf_alta_sin_revisar,1,0.923
inat_73720061_120391383.jpg,positivo_conf_alta_sin_revisar,1,0.944
inat_73720061_120391404.jpg,positivo_conf_alta_sin_revisar,1,0.915
inat_73720061_120391409.jpg,positivo_conf_alta_sin_revisar,1,0.893
inat_73720061_120391413.jpg,positivo_conf_alta_sin_revisar,1,0.912
inat_73720061_120391422.jpg,positivo_conf_alta_sin_revisar,1,0.906
inat_73720061_120391433.jpg,positivo_conf_alta_sin_revisar,1,0.752
inat_73720061_120391440.jpg,positivo,2,0.381
inat_73720061_120391444.jpg,positivo_conf_alta_sin_revisar,1,0.923
inat_73720061_120391445.jpg,positivo_conf_alta_sin_revisar,1,0.911
inat_73720061_120391455.jpg,positivo_conf_alta_sin_revisar,1,0.937
inat_73720061_120391459.jpg,positivo_conf_alta_sin_revisar,1,0.922
inat_73720061_120391466.jpg,positivo_conf_alta_sin_revisar,1,0.929
inat_73720061_120391470.jpg,positivo_conf_alta_sin_revisar,1,0.905
inat_73720061_120391473.jpg,positivo_conf_alta_sin_revisar,1,0.937
inat_73720061_120391478.jpg,positivo_conf_alta_sin_revisar,1,0.91
inat_7538062_9833482.jpg,positivo_conf_alta_sin_revisar,1,0.904
inat_7538062_9835026.jpg,positivo_conf_alta_sin_revisar,1,0.957
inat_7538062_9835051.jpg,positivo,1,0.476
inat_77511026_126767390.jpg,positivo,0,0.0
inat_79222935_129740683.jpg,positivo_conf_alta_sin_revisar,1,0.809
inat_80101886_131257849.jpg,positivo_conf_alta_sin_revisar,3,0.567
inat_83581046_137286429.jpg,positivo_conf_alta_sin_revisar,2,0.854
inat_86459237_142431902.jpg,positivo_conf_alta_sin_revisar,1,0.727
inat_8649458_11581021.jpg,positivo,2,0.316
inat_8649496_11581072.jpg,positivo_conf_alta_sin_revisar,1,0.824
inat_87003478_143419381.jpg,positivo_conf_alta_sin_revisar,1,0.942
inat_8701613_11666750.jpg,positivo_conf_alta_sin_revisar,1,0.828
inat_8821614_11850866.jpg,positivo_conf_alta_sin_revisar,1,0.929
inat_88943612_146818508.jpg,positivo,1,0.203
inat_88943615_146818538.jpg,positivo_conf_alta_sin_revisar,1,0.635
inat_88943616_146818569.jpg,positivo,0,0.0
inat_89412031_147647268.jpg,positivo,0,0.0
inat_8993378_12120443.jpg,positivo,1,0.493
inat_90085545_148838187.jpg,positivo_conf_alta_sin_revisar,1,0.939
inat_9053871_12221204.jpg,positivo,0,0.0
inat_94945335_157557814.jpg,positivo_conf_alta_sin_revisar,3,0.911
inat_96432888_160206027.jpg,positivo_conf_alta_sin_revisar,1,0.963
inat_97319000_161830515.jpg,positivo,1,0.24
inat_97319000_161830533.jpg,positivo,0,0.0
inat_97319000_161830557.jpg,positivo,0,0.0
inat_97319000_161830573.jpg,positivo_conf_alta_sin_revisar,1,0.596
inat_97400266_161976305.jpg,positivo_conf_alta_sin_revisar,2,0.576
inat_98639476_164270301.jpg,positivo,0,0.0
inat_98670528_164334614.jpg,positivo_conf_alta_sin_revisar,3,0.752
inat_98670528_164334906.jpg,positivo_conf_alta_sin_revisar,2,0.8
inat_99109154_165160691.jpg,positivo,1,0.426
inat_99549905_165975083.jpg,positivo_conf_alta_sin_revisar,1,0.876
inat_99645347_166153700.jpg,positivo,0,0.0
