archivo,categoria_manual,lote
inat_108196234_182120433.jpg,oso,sin_oso_yolo
inat_108196234_182120447.jpg,oso,sin_oso_yolo
inat_108196234_182120560.jpg,oso,sin_oso_yolo
inat_108967364_183567257.jpg,oso,sin_oso_yolo
inat_117944758_199230452.jpg,oso,sin_oso_yolo
inat_133281813_227003139.jpg,oso,sin_oso_yolo
inat_136766218_233468247.jpg,oso,sin_oso_yolo
inat_139761947_239109191.jpg,oso,sin_oso_yolo
inat_139761947_239109207.jpg,oso,sin_oso_yolo
inat_141675854_242767458.jpg,oso,sin_oso_yolo
inat_141675854_242955267.jpg,oso,sin_oso_yolo
inat_141675854_242955271.jpg,oso,sin_oso_yolo
inat_141675855_242956061.jpg,oso,sin_oso_yolo
inat_141675855_242956072.jpg,oso,sin_oso_yolo
inat_141675855_242956080.jpg,oso,sin_oso_yolo
inat_141675855_242956094.jpg,oso,sin_oso_yolo
inat_141675855_242956102.jpg,oso,sin_oso_yolo
inat_143217786_245594569.jpg,oso,sin_oso_yolo
inat_153335505_264823132.jpg,oso,sin_oso_yolo
inat_153335505_264823164.jpg,oso,sin_oso_yolo
inat_153335505_264823182.jpg,oso,sin_oso_yolo
inat_161078722_278398397.jpg,oso,sin_oso_yolo
inat_175460020_304936637.jpg,oso,sin_oso_yolo
inat_175460020_304936660.jpg,oso,sin_oso_yolo
inat_189472885_331930279.jpg,oso,sin_oso_yolo
inat_190412124_333788182_frame_000.jpg,oso,sin_oso_yolo
inat_193563889_340040592.jpg,oso,sin_oso_yolo
inat_193988354_340871808.jpg,oso,sin_oso_yolo
inat_196124797_345208668.jpg,oso,sin_oso_yolo
inat_196124797_345208705.jpg,oso,sin_oso_yolo
inat_196918298_346691190_frame_001.jpg,oso,sin_oso_yolo
inat_196918298_346691190_frame_018.jpg,oso,sin_oso_yolo
inat_197070875_347002485_frame_003.jpg,oso,sin_oso_yolo
inat_197070875_347002485_frame_038.jpg,oso,sin_oso_yolo
inat_197070875_347002485_frame_061.jpg,oso,sin_oso_yolo
inat_197223589_347309107.jpg,oso,sin_oso_yolo
inat_197839918_348550682.jpg,oso,sin_oso_yolo
inat_19930100_30745666.jpg,oso,sin_oso_yolo
inat_202170016_357008799_frame_003.jpg,oso,sin_oso_yolo
inat_202170016_357008799_frame_006.jpg,oso,sin_oso_yolo
inat_202170016_357008799_frame_009.jpg,oso,sin_oso_yolo
inat_202170016_357008799_frame_014.jpg,oso,sin_oso_yolo
inat_204503138_361482859.jpg,oso,sin_oso_yolo
inat_20996686_32428324.jpg,oso,sin_oso_yolo
inat_212924159_376275303.jpg,oso,sin_oso_yolo
inat_21451094_33189381.jpg,oso,sin_oso_yolo
inat_229584992_407539493.jpg,oso,sin_oso_yolo
inat_244105568_435390292.jpg,oso,sin_oso_yolo
inat_248518633_444064470.jpg,oso,sin_oso_yolo
inat_253898562_454680485.jpg,oso,sin_oso_yolo
inat_254557459_455977439.jpg,oso,sin_oso_yolo
inat_254557464_455977357.jpg,oso,sin_oso_yolo
inat_256920636_460748212.jpg,oso,sin_oso_yolo
inat_258055864_463351279.jpg,oso,sin_oso_yolo
inat_258741220_464302163.jpg,oso,sin_oso_yolo
inat_258779859_464380123.jpg,oso,sin_oso_yolo
inat_258779859_464380187.jpg,oso,sin_oso_yolo
inat_259942471_466721805.jpg,oso,sin_oso_yolo
inat_279694118_502274628.jpg,oso,sin_oso_yolo
inat_285368666_512930939.jpg,oso,sin_oso_yolo
inat_290515920_522621411.jpg,oso,sin_oso_yolo
inat_298208812_537123972.jpg,oso,sin_oso_yolo
inat_298208812_537123982.jpg,oso,sin_oso_yolo
inat_298208812_537123989.jpg,oso,sin_oso_yolo
inat_300220401_540915631.jpg,oso,sin_oso_yolo
inat_30406242_47505659.jpg,oso,sin_oso_yolo
inat_30442666_47561320.jpg,oso,sin_oso_yolo
inat_305919474_551631851.jpg,oso,sin_oso_yolo
inat_30980753_48441333.jpg,oso,sin_oso_yolo
inat_321953468_582329643.jpg,oso,sin_oso_yolo
inat_322661323_583741275.jpg,oso,sin_oso_yolo
inat_322661323_583741348.jpg,oso,sin_oso_yolo
inat_322661323_583741408.jpg,oso,sin_oso_yolo
inat_322661323_583741415.jpg,oso,sin_oso_yolo
inat_322664608_583749294.jpg,oso,sin_oso_yolo
inat_324591523_587527930.jpg,oso,sin_oso_yolo
inat_325385770_589122126.jpg,oso,sin_oso_yolo
inat_327391985_593117621.jpg,oso,sin_oso_yolo
inat_327710614_593743330.jpg,oso,sin_oso_yolo
inat_327710614_593743365.jpg,oso,sin_oso_yolo
inat_330524329_599375055.jpg,oso,sin_oso_yolo
inat_330524329_599375056.jpg,oso,sin_oso_yolo
inat_330524329_599375066.jpg,oso,sin_oso_yolo
inat_330524329_599375067.jpg,oso,sin_oso_yolo
inat_331462626_601313637.jpg,oso,sin_oso_yolo
inat_336086781_611438225.jpg,oso,sin_oso_yolo
inat_337211000_612954229.jpg,oso,sin_oso_yolo
inat_339496023_617716218.jpg,oso,sin_oso_yolo
inat_343009633_624726094.jpg,oso,sin_oso_yolo
inat_351516133_641482384.jpg,oso,sin_oso_yolo
inat_351516168_641483416.jpg,oso,sin_oso_yolo
inat_351866524_654434732.jpg,oso,sin_oso_yolo
inat_351866524_654434761.jpg,oso,sin_oso_yolo
inat_35977834_56807271.jpg,oso,sin_oso_yolo
inat_374687138_684879156.jpg,oso,sin_oso_yolo
inat_395897101_725964255.jpg,oso,sin_oso_yolo
inat_40826240_67655132.jpg,oso,sin_oso_yolo
inat_40826240_67655157.jpg,oso,sin_oso_yolo
inat_42574409_67605496.jpg,oso,sin_oso_yolo
inat_42574409_67606969.jpg,oso,sin_oso_yolo
inat_44299923_70163934.jpg,oso,sin_oso_yolo
inat_46627161_73953094.jpg,oso,sin_oso_yolo
inat_46652283_73990424.jpg,oso,sin_oso_yolo
inat_47272875_74973262.jpg,oso,sin_oso_yolo
inat_53099915_84436898.jpg,oso,sin_oso_yolo
inat_65757559_105892677.jpg,oso,sin_oso_yolo
inat_9053871_12221204.jpg,oso,sin_oso_yolo
inat_97319000_161830533.jpg,oso,sin_oso_yolo
inat_98639476_164270301.jpg,oso,sin_oso_yolo
inat_111974137_189082439.jpg,rastro,sin_oso_yolo
inat_123905284_209956411.jpg,rastro,sin_oso_yolo
inat_128546441_218353421.jpg,rastro,sin_oso_yolo
inat_135695726_231474886.jpg,rastro,sin_oso_yolo
inat_139213364_238069116.jpg,rastro,sin_oso_yolo
inat_16414340_24694642.jpg,rastro,sin_oso_yolo
inat_16414340_24694649.jpg,rastro,sin_oso_yolo
inat_173133096_300635104.jpg,rastro,sin_oso_yolo
inat_173133096_300635143.jpg,rastro,sin_oso_yolo
inat_173133096_300635189.jpg,rastro,sin_oso_yolo
inat_180018601_313503187.jpg,rastro,sin_oso_yolo
inat_186416708_325774126.jpg,rastro,sin_oso_yolo
inat_186416708_325774151.jpg,rastro,sin_oso_yolo
inat_190441996_333845066.jpg,rastro,sin_oso_yolo
inat_191973998_336910211.jpg,rastro,sin_oso_yolo
inat_192796457_338534146.jpg,rastro,sin_oso_yolo
inat_195012477_342957659.jpg,rastro,sin_oso_yolo
inat_195017238_342967437.jpg,rastro,sin_oso_yolo
inat_200467208_353685101.jpg,rastro,sin_oso_yolo
inat_20865121_32191353.jpg,rastro,sin_oso_yolo
inat_20865121_32191358.jpg,rastro,sin_oso_yolo
inat_244985427_437087319.jpg,rastro,sin_oso_yolo
inat_244985427_437087342.jpg,rastro,sin_oso_yolo
inat_244985427_437087365.jpg,rastro,sin_oso_yolo
inat_245850593_438783167.jpg,rastro,sin_oso_yolo
inat_246681174_440426943.jpg,rastro,sin_oso_yolo
inat_246821501_440704767.jpg,rastro,sin_oso_yolo
inat_246821582_440705015.jpg,rastro,sin_oso_yolo
inat_249785296_446585747.jpg,rastro,sin_oso_yolo
inat_249785296_446585759.jpg,rastro,sin_oso_yolo
inat_249785296_446585762.jpg,rastro,sin_oso_yolo
inat_250741748_448394822.jpg,rastro,sin_oso_yolo
inat_253316102_453547639.jpg,rastro,sin_oso_yolo
inat_253316102_453547661.jpg,rastro,sin_oso_yolo
inat_253316102_453547676.jpg,rastro,sin_oso_yolo
inat_254358316_455495546.jpg,rastro,sin_oso_yolo
inat_254540061_455949346.jpg,rastro,sin_oso_yolo
inat_258879470_464577541.jpg,rastro,sin_oso_yolo
inat_258879470_464578188.jpg,rastro,sin_oso_yolo
inat_259175487_465184860.jpg,rastro,sin_oso_yolo
inat_262025161_470823855.jpg,rastro,sin_oso_yolo
inat_262025161_470823865.jpg,rastro,sin_oso_yolo
inat_262025161_470823875.jpg,rastro,sin_oso_yolo
inat_275570590_495138658.jpg,rastro,sin_oso_yolo
inat_275570590_495138789.jpg,rastro,sin_oso_yolo
inat_292182342_525772695.jpg,rastro,sin_oso_yolo
inat_292182342_525772835.jpg,rastro,sin_oso_yolo
inat_292182419_525772912.jpg,rastro,sin_oso_yolo
inat_292936369_527205502.jpg,rastro,sin_oso_yolo
inat_294224586_529575447.jpg,rastro,sin_oso_yolo
inat_294224586_529575575.jpg,rastro,sin_oso_yolo
inat_296515363_533916633.jpg,rastro,sin_oso_yolo
inat_296515363_533916636.jpg,rastro,sin_oso_yolo
inat_302308533_544816107.jpg,rastro,sin_oso_yolo
inat_315380094_569718473.jpg,rastro,sin_oso_yolo
inat_315380094_569718501.jpg,rastro,sin_oso_yolo
inat_315380094_569718531.jpg,rastro,sin_oso_yolo
inat_315380094_569718551.jpg,rastro,sin_oso_yolo
inat_315380094_569718580.jpg,rastro,sin_oso_yolo
inat_323642337_585644003.jpg,rastro,sin_oso_yolo
inat_323642337_585644008.jpg,rastro,sin_oso_yolo
inat_330183261_598677885.jpg,rastro,sin_oso_yolo
inat_330183261_598677909.jpg,rastro,sin_oso_yolo
inat_337327874_613192552.jpg,rastro,sin_oso_yolo
inat_337404729_613351246.jpg,rastro,sin_oso_yolo
inat_338728748_616057244.jpg,rastro,sin_oso_yolo
inat_338728748_616060709.jpg,rastro,sin_oso_yolo
inat_344928187_628527761.jpg,rastro,sin_oso_yolo
inat_344928187_628527764.jpg,rastro,sin_oso_yolo
inat_344928187_628527765.jpg,rastro,sin_oso_yolo
inat_344928187_628527766.jpg,rastro,sin_oso_yolo
inat_347645626_633897009.jpg,rastro,sin_oso_yolo
inat_354510156_646699969.jpg,rastro,sin_oso_yolo
inat_357763747_652425775.jpg,rastro,sin_oso_yolo
inat_363818292_664142511.jpg,rastro,sin_oso_yolo
inat_36604788_57884124.jpg,rastro,sin_oso_yolo
inat_36604792_57884138.jpg,rastro,sin_oso_yolo
inat_37924789_60197776.jpg,rastro,sin_oso_yolo
inat_37924789_60197790.jpg,rastro,sin_oso_yolo
inat_389213189_712910192.jpg,rastro,sin_oso_yolo
inat_389213189_712910193.jpg,rastro,sin_oso_yolo
inat_389213189_712910200.jpg,rastro,sin_oso_yolo
inat_39303499_62339452.jpg,rastro,sin_oso_yolo
inat_3941361_4642425.jpg,rastro,sin_oso_yolo
inat_3949312_4653132.jpg,rastro,sin_oso_yolo
inat_3949312_4653133.jpg,rastro,sin_oso_yolo
inat_3949312_4653134.jpg,rastro,sin_oso_yolo
inat_39572560_62794763.jpg,rastro,sin_oso_yolo
inat_39572560_62794770.jpg,rastro,sin_oso_yolo
inat_42835772_68027161.jpg,rastro,sin_oso_yolo
inat_42835772_68027196.jpg,rastro,sin_oso_yolo
inat_42835772_68027359.jpg,rastro,sin_oso_yolo
inat_42835772_68027479.jpg,rastro,sin_oso_yolo
inat_46684391_74041659.jpg,rastro,sin_oso_yolo
inat_46801959_74224991.jpg,rastro,sin_oso_yolo
inat_52993006_84267923.jpg,rastro,sin_oso_yolo
inat_54076358_86025597.jpg,rastro,sin_oso_yolo
inat_54076972_86026776.jpg,rastro,sin_oso_yolo
inat_54081104_86027245.jpg,rastro,sin_oso_yolo
inat_61744903_98837255.jpg,rastro,sin_oso_yolo
inat_67243217_108592992.jpg,rastro,sin_oso_yolo
inat_67243217_108593637.jpg,rastro,sin_oso_yolo
inat_68738508_111379636.jpg,rastro,sin_oso_yolo
inat_68738508_111379645.jpg,rastro,sin_oso_yolo
inat_68738508_111379657.jpg,rastro,sin_oso_yolo
inat_69658628_113076093.jpg,rastro,sin_oso_yolo
inat_69658628_113076108.jpg,rastro,sin_oso_yolo
inat_69658628_113076112.jpg,rastro,sin_oso_yolo
inat_91872417_152032560.jpg,rastro,sin_oso_yolo
inat_94784968_157264487.jpg,rastro,sin_oso_yolo
inat_10293762_14254748.jpg,sin_oso,sin_oso_yolo
inat_108510091_182707831.jpg,sin_oso,sin_oso_yolo
inat_126666811_214940566.jpg,sin_oso,sin_oso_yolo
inat_126666811_214940605.jpg,sin_oso,sin_oso_yolo
inat_147946488_254674743.jpg,sin_oso,sin_oso_yolo
inat_147946488_254674751.jpg,sin_oso,sin_oso_yolo
inat_147946488_254674758.jpg,sin_oso,sin_oso_yolo
inat_147946488_254674764.jpg,sin_oso,sin_oso_yolo
inat_147946488_254674768.jpg,sin_oso,sin_oso_yolo
inat_147946488_254674773.jpg,sin_oso,sin_oso_yolo
inat_147946488_254674779.jpg,sin_oso,sin_oso_yolo
inat_147946488_254674784.jpg,sin_oso,sin_oso_yolo
inat_147946488_254674798.jpg,sin_oso,sin_oso_yolo
inat_147946488_254674817.jpg,sin_oso,sin_oso_yolo
inat_193918842_340730727.jpg,sin_oso,sin_oso_yolo
inat_194128475_341150290.jpg,sin_oso,sin_oso_yolo
inat_195010630_342953781.jpg,sin_oso,sin_oso_yolo
inat_19665936_30288426.jpg,sin_oso,sin_oso_yolo
inat_197839918_348550665.jpg,sin_oso,sin_oso_yolo
inat_222117969_393419145.jpg,sin_oso,sin_oso_yolo
inat_225244788_399332516.jpg,sin_oso,sin_oso_yolo
inat_237737122_423139281.jpg,sin_oso,sin_oso_yolo
inat_237737122_423139316.jpg,sin_oso,sin_oso_yolo
inat_250741752_448394979.jpg,sin_oso,sin_oso_yolo
inat_250741752_448394986.jpg,sin_oso,sin_oso_yolo
inat_250741752_448395001.jpg,sin_oso,sin_oso_yolo
inat_250741752_448395054.jpg,sin_oso,sin_oso_yolo
inat_250741777_448395297.jpg,sin_oso,sin_oso_yolo
inat_250741778_448395315.jpg,sin_oso,sin_oso_yolo
inat_250741778_448395317.jpg,sin_oso,sin_oso_yolo
inat_250741797_448395648.jpg,sin_oso,sin_oso_yolo
inat_250741797_448395665.jpg,sin_oso,sin_oso_yolo
inat_253875871_454653460.jpg,sin_oso,sin_oso_yolo
inat_281148403_505019026.jpg,sin_oso,sin_oso_yolo
inat_281148403_505019039.jpg,sin_oso,sin_oso_yolo
inat_284844895_511953713.jpg,sin_oso,sin_oso_yolo
inat_284844895_511953776.jpg,sin_oso,sin_oso_yolo
inat_284844895_511953820.jpg,sin_oso,sin_oso_yolo
inat_284844895_511953857.jpg,sin_oso,sin_oso_yolo
inat_284844895_511953901.jpg,sin_oso,sin_oso_yolo
inat_284844895_511953936.jpg,sin_oso,sin_oso_yolo
inat_284844895_511954001.jpg,sin_oso,sin_oso_yolo
inat_284844895_511954050.jpg,sin_oso,sin_oso_yolo
inat_298200858_537110854.jpg,sin_oso,sin_oso_yolo
inat_307858862_555349436.jpg,sin_oso,sin_oso_yolo
inat_334047681_606544102.jpg,sin_oso,sin_oso_yolo
inat_344928187_628527758.jpg,sin_oso,sin_oso_yolo
inat_347645626_633899439.jpg,sin_oso,sin_oso_yolo
inat_357763747_652425747.jpg,sin_oso,sin_oso_yolo
inat_37769733_59936551.jpg,sin_oso,sin_oso_yolo
inat_37769733_59947432.jpg,sin_oso,sin_oso_yolo
inat_37769733_59947435.jpg,sin_oso,sin_oso_yolo
inat_42835772_68027109.jpg,sin_oso,sin_oso_yolo
inat_42835772_68027274.jpg,sin_oso,sin_oso_yolo
inat_42835772_68027384.jpg,sin_oso,sin_oso_yolo
inat_42835772_68027411.jpg,sin_oso,sin_oso_yolo
inat_46801959_74224930.jpg,sin_oso,sin_oso_yolo
inat_49478668_78544255.jpg,sin_oso,sin_oso_yolo
inat_49481551_78549048.jpg,sin_oso,sin_oso_yolo
inat_54074871_86022890.jpg,sin_oso,sin_oso_yolo
inat_54075142_86023360.jpg,sin_oso,sin_oso_yolo
inat_54075578_86023734.jpg,sin_oso,sin_oso_yolo
inat_54076564_86026165.jpg,sin_oso,sin_oso_yolo
inat_70571311_114748972.jpg,sin_oso,sin_oso_yolo
inat_77204419_126244745.jpg,sin_oso,sin_oso_yolo
inat_104063509_174317541.jpg,duda,sin_oso_yolo
inat_108196234_182120570.jpg,duda,sin_oso_yolo
inat_118989247_201102526.jpg,duda,sin_oso_yolo
inat_118989247_201102646.jpg,duda,sin_oso_yolo
inat_141675849_242953843.jpg,duda,sin_oso_yolo
inat_141675849_242953845.jpg,duda,sin_oso_yolo
inat_141675849_242953846.jpg,duda,sin_oso_yolo
inat_147401695_253633467.jpg,duda,sin_oso_yolo
inat_150079865_258715073.jpg,duda,sin_oso_yolo
inat_150079865_258715077.jpg,duda,sin_oso_yolo
inat_150079865_258715078.jpg,duda,sin_oso_yolo
inat_152339767_262970656.jpg,duda,sin_oso_yolo
inat_154433438_266844533.jpg,duda,sin_oso_yolo
inat_174784853_303689551.jpg,duda,sin_oso_yolo
inat_178340138_310312756.jpg,duda,sin_oso_yolo
inat_178340138_310312761.jpg,duda,sin_oso_yolo
inat_178340138_310312796.jpg,duda,sin_oso_yolo
inat_193563889_340040584.jpg,duda,sin_oso_yolo
inat_193914030_340720234.jpg,duda,sin_oso_yolo
inat_193988354_340871817.jpg,duda,sin_oso_yolo
inat_193988354_340871846.jpg,duda,sin_oso_yolo
inat_196124797_345208746.jpg,duda,sin_oso_yolo
inat_197839918_351831058.jpg,duda,sin_oso_yolo
inat_199573459_351971600.jpg,duda,sin_oso_yolo
inat_206147476_364568429.jpg,duda,sin_oso_yolo
inat_212924159_376275299.jpg,duda,sin_oso_yolo
inat_212924159_376275301.jpg,duda,sin_oso_yolo
inat_235474469_418785425.jpg,duda,sin_oso_yolo
inat_254557464_455977354.jpg,duda,sin_oso_yolo
inat_258799620_464418144.jpg,duda,sin_oso_yolo
inat_258799621_464418374.jpg,duda,sin_oso_yolo
inat_258799621_464418395.jpg,duda,sin_oso_yolo
inat_258973213_464767513.jpg,duda,sin_oso_yolo
inat_258973214_464767412.jpg,duda,sin_oso_yolo
inat_258973214_464767463.jpg,duda,sin_oso_yolo
inat_258973214_464767556.jpg,duda,sin_oso_yolo
inat_259808476_466459115.jpg,duda,sin_oso_yolo
inat_259811331_466464165.jpg,duda,sin_oso_yolo
inat_259824328_466553342.jpg,duda,sin_oso_yolo
inat_259824328_466553356.jpg,duda,sin_oso_yolo
inat_259824328_466553369.jpg,duda,sin_oso_yolo
inat_259860782_466561423.jpg,duda,sin_oso_yolo
inat_259860782_466561431.jpg,duda,sin_oso_yolo
inat_259860782_466561438.jpg,duda,sin_oso_yolo
inat_284844895_511953632.jpg,duda,sin_oso_yolo
inat_284844895_511954089.jpg,duda,sin_oso_yolo
inat_284844895_511954132.jpg,duda,sin_oso_yolo
inat_284844895_511954177.jpg,duda,sin_oso_yolo
inat_284844895_511954284.jpg,duda,sin_oso_yolo
inat_284844895_511954314.jpg,duda,sin_oso_yolo
inat_284844895_511954353.jpg,duda,sin_oso_yolo
inat_284844895_511954401.jpg,duda,sin_oso_yolo
inat_288387418_518619035.jpg,duda,sin_oso_yolo
inat_289897251_521448322.jpg,duda,sin_oso_yolo
inat_289897251_521448375.jpg,duda,sin_oso_yolo
inat_289897251_521448412.jpg,duda,sin_oso_yolo
inat_289897251_521448455.jpg,duda,sin_oso_yolo
inat_289897251_521448499.jpg,duda,sin_oso_yolo
inat_289897412_521448553.jpg,duda,sin_oso_yolo
inat_289897456_521448623.jpg,duda,sin_oso_yolo
inat_289897456_521448678.jpg,duda,sin_oso_yolo
inat_289897456_521448727.jpg,duda,sin_oso_yolo
inat_289897456_521448770.jpg,duda,sin_oso_yolo
inat_289897456_521448817.jpg,duda,sin_oso_yolo
inat_289897456_521448876.jpg,duda,sin_oso_yolo
inat_289897456_521448941.jpg,duda,sin_oso_yolo
inat_302629230_545409486.jpg,duda,sin_oso_yolo
inat_302629230_545409521.jpg,duda,sin_oso_yolo
inat_321922423_582266373.jpg,duda,sin_oso_yolo
inat_321922423_582266442.jpg,duda,sin_oso_yolo
inat_321922423_582266495.jpg,duda,sin_oso_yolo
inat_321922423_582266578.jpg,duda,sin_oso_yolo
inat_321922423_582266639.jpg,duda,sin_oso_yolo
inat_321922423_582266702.jpg,duda,sin_oso_yolo
inat_324759155_587869969.jpg,duda,sin_oso_yolo
inat_327710614_593743410.jpg,duda,sin_oso_yolo
inat_327851811_594014688.jpg,duda,sin_oso_yolo
inat_331410704_601204392.jpg,duda,sin_oso_yolo
inat_336414635_611332417.jpg,duda,sin_oso_yolo
inat_336415483_611332919.jpg,duda,sin_oso_yolo
inat_339346436_617299522.jpg,duda,sin_oso_yolo
inat_339346436_617300693.jpg,duda,sin_oso_yolo
inat_343225428_625171194.jpg,duda,sin_oso_yolo
inat_351866524_642163854.jpg,duda,sin_oso_yolo
inat_351866524_642164018.jpg,duda,sin_oso_yolo
inat_368161655_672403871.jpg,duda,sin_oso_yolo
inat_368161655_672403895.jpg,duda,sin_oso_yolo
inat_381027924_697167453.jpg,duda,sin_oso_yolo
inat_381027924_697167497.jpg,duda,sin_oso_yolo
inat_381027924_697167585.jpg,duda,sin_oso_yolo
inat_48083699_76277375.jpg,duda,sin_oso_yolo
inat_48083699_76277571.jpg,duda,sin_oso_yolo
inat_48083699_76277646.jpg,duda,sin_oso_yolo
inat_48083699_77737788.jpg,duda,sin_oso_yolo
inat_64181768_103143017.jpg,duda,sin_oso_yolo
inat_82444676_135310724.jpg,duda,sin_oso_yolo
inat_97319000_161830545.jpg,duda,sin_oso_yolo
inat_102630828_171604266.jpg,oso,conf_baja_yolo
inat_103617339_173423568.jpg,oso,conf_baja_yolo
inat_104572899_175251949.jpg,oso,conf_baja_yolo
inat_104887017_175852607.jpg,oso,conf_baja_yolo
inat_108764701_183188138.jpg,oso,conf_baja_yolo
inat_111406007_188064919.jpg,oso,conf_baja_yolo
inat_12360432_17804066.jpg,oso,conf_baja_yolo
inat_133361772_227143102.jpg,oso,conf_baja_yolo
inat_141614165_242647339.jpg,oso,conf_baja_yolo
inat_141672989_242758733.jpg,oso,conf_baja_yolo
inat_141675849_242767426.jpg,oso,conf_baja_yolo
inat_141675849_242953837.jpg,oso,conf_baja_yolo
inat_141675849_242953841.jpg,oso,conf_baja_yolo
inat_141675852_242767437.jpg,oso,conf_baja_yolo
inat_141675854_242955263.jpg,oso,conf_baja_yolo
inat_141675854_242955266.jpg,oso,conf_baja_yolo
inat_141675854_242955269.jpg,oso,conf_baja_yolo
inat_141675854_242955272.jpg,oso,conf_baja_yolo
inat_141675855_242767473.jpg,oso,conf_baja_yolo
inat_141675855_242956060.jpg,oso,conf_baja_yolo
inat_141675855_242956065.jpg,oso,conf_baja_yolo
inat_141675855_242956067.jpg,oso,conf_baja_yolo
inat_141675855_242956068.jpg,oso,conf_baja_yolo
inat_141675855_242956076.jpg,oso,conf_baja_yolo
inat_141675855_242956086.jpg,oso,conf_baja_yolo
inat_141675855_242956088.jpg,oso,conf_baja_yolo
inat_141675855_242956090.jpg,oso,conf_baja_yolo
inat_141675855_242956092.jpg,oso,conf_baja_yolo
inat_141675855_242956098.jpg,oso,conf_baja_yolo
inat_143217786_245594579.jpg,oso,conf_baja_yolo
inat_143831934_246743413.jpg,oso,conf_baja_yolo
inat_143831934_246743435.jpg,oso,conf_baja_yolo
inat_144824209_248650196.jpg,oso,conf_baja_yolo
inat_144824209_248650204.jpg,oso,conf_baja_yolo
inat_145193495_249363638.jpg,oso,conf_baja_yolo
inat_148292942_255340654.jpg,oso,conf_baja_yolo
inat_150079865_258715054.jpg,oso,conf_baja_yolo
inat_150079865_258715066.jpg,oso,conf_baja_yolo
inat_150079865_258715068.jpg,oso,conf_baja_yolo
inat_150079865_258715069.jpg,oso,conf_baja_yolo
inat_150079865_258715087.jpg,oso,conf_baja_yolo
inat_150681077_259868943.jpg,oso,conf_baja_yolo
inat_152339767_262970622.jpg,oso,conf_baja_yolo
inat_152899586_264007021.jpg,oso,conf_baja_yolo
inat_152988146_264163297.jpg,oso,conf_baja_yolo
inat_152988146_264163326.jpg,oso,conf_baja_yolo
inat_154433438_266843511.jpg,oso,conf_baja_yolo
inat_161078722_278398382.jpg,oso,conf_baja_yolo
inat_167356669_289908571.jpg,oso,conf_baja_yolo
inat_167356671_289908593.jpg,oso,conf_baja_yolo
inat_167356673_289908609.jpg,oso,conf_baja_yolo
inat_168819968_292621393.jpg,oso,conf_baja_yolo
inat_175487199_304987098.jpg,oso,conf_baja_yolo
inat_189167054_331299048.jpg,oso,conf_baja_yolo
inat_191714320_336389367.jpg,oso,conf_baja_yolo
inat_193563889_340040541.jpg,oso,conf_baja_yolo
inat_193563889_340040550.jpg,oso,conf_baja_yolo
inat_193563889_340040562.jpg,oso,conf_baja_yolo
inat_193563889_340040573.jpg,oso,conf_baja_yolo
inat_193988354_340871805.jpg,oso,conf_baja_yolo
inat_194934340_342795938.jpg,oso,conf_baja_yolo
inat_195559045_344074298.jpg,oso,conf_baja_yolo
inat_196859657_346571726_frame_000.jpg,oso,conf_baja_yolo
inat_196859657_346571726_frame_009.jpg,oso,conf_baja_yolo
inat_197070185_347000902_frame_000.jpg,oso,conf_baja_yolo
inat_197070185_347000902_frame_007.jpg,oso,conf_baja_yolo
inat_197070185_347000902_frame_009.jpg,oso,conf_baja_yolo
inat_199573459_351971525.jpg,oso,conf_baja_yolo
inat_202169795_357008330_frame_003.jpg,oso,conf_baja_yolo
inat_202169795_357008330_frame_010.jpg,oso,conf_baja_yolo
inat_202169795_357008330_frame_014.jpg,oso,conf_baja_yolo
inat_20237971_31234275.jpg,oso,conf_baja_yolo
inat_20237971_79034742.jpg,oso,conf_baja_yolo
inat_20237971_79034743.jpg,oso,conf_baja_yolo
inat_20237971_79034745.jpg,oso,conf_baja_yolo
inat_20237971_79034746.jpg,oso,conf_baja_yolo
inat_204503138_361482848.jpg,oso,conf_baja_yolo
inat_204503138_361482862.jpg,oso,conf_baja_yolo
inat_204503138_361482873.jpg,oso,conf_baja_yolo
inat_204503138_361482881.jpg,oso,conf_baja_yolo
inat_204503138_361482888.jpg,oso,conf_baja_yolo
inat_204503138_361482889.jpg,oso,conf_baja_yolo
inat_204503138_361482910.jpg,oso,conf_baja_yolo
inat_217136302_384088043.jpg,oso,conf_baja_yolo
inat_224750818_398377940.jpg,oso,conf_baja_yolo
inat_224750911_398378148.jpg,oso,conf_baja_yolo
inat_225136894_399120893.jpg,oso,conf_baja_yolo
inat_227614574_404251753.jpg,oso,conf_baja_yolo
inat_250967820_448942886.jpg,oso,conf_baja_yolo
inat_250967820_448942887.jpg,oso,conf_baja_yolo
inat_250967820_448942890.jpg,oso,conf_baja_yolo
inat_252065744_451149625.jpg,oso,conf_baja_yolo
inat_252935526_452827520.jpg,oso,conf_baja_yolo
inat_253898562_454680396.jpg,oso,conf_baja_yolo
inat_253898562_454680432.jpg,oso,conf_baja_yolo
inat_254557464_455977379.jpg,oso,conf_baja_yolo
inat_254557464_455977381.jpg,oso,conf_baja_yolo
inat_254557464_455977395.jpg,oso,conf_baja_yolo
inat_255542757_457966354.jpg,oso,conf_baja_yolo
inat_2560070_2851730.jpg,oso,conf_baja_yolo
inat_2560070_2851731.jpg,oso,conf_baja_yolo
inat_256920636_460748167.jpg,oso,conf_baja_yolo
inat_256920636_460748174.jpg,oso,conf_baja_yolo
inat_256920636_460748177.jpg,oso,conf_baja_yolo
inat_256920636_460748227.jpg,oso,conf_baja_yolo
inat_257799432_462519642.jpg,oso,conf_baja_yolo
inat_258055864_463351283.jpg,oso,conf_baja_yolo
inat_258779859_464380166.jpg,oso,conf_baja_yolo
inat_259190243_465214963.jpg,oso,conf_baja_yolo
inat_259190243_465214966.jpg,oso,conf_baja_yolo
inat_259190243_465214968.jpg,oso,conf_baja_yolo
inat_259324434_465490908.jpg,oso,conf_baja_yolo
inat_261800879_470407656.jpg,oso,conf_baja_yolo
inat_261800879_470407673.jpg,oso,conf_baja_yolo
inat_265795461_477485251.jpg,oso,conf_baja_yolo
inat_265833436_477561438.jpg,oso,conf_baja_yolo
inat_268470121_482565329.jpg,oso,conf_baja_yolo
inat_268662277_482948605.jpg,oso,conf_baja_yolo
inat_268662277_482948786.jpg,oso,conf_baja_yolo
inat_269793080_485132362.jpg,oso,conf_baja_yolo
inat_270722673_486899230.jpg,oso,conf_baja_yolo
inat_270722673_486899282.jpg,oso,conf_baja_yolo
inat_27766119_43234876.jpg,oso,conf_baja_yolo
inat_282722776_507961208.jpg,oso,conf_baja_yolo
inat_283456371_509329267.jpg,oso,conf_baja_yolo
inat_283456371_509329274.jpg,oso,conf_baja_yolo
inat_284738734_511750566.jpg,oso,conf_baja_yolo
inat_285074463_512441181.jpg,oso,conf_baja_yolo
inat_285192120_512613584.jpg,oso,conf_baja_yolo
inat_285237118_512690775.jpg,oso,conf_baja_yolo
inat_285367347_512928443.jpg,oso,conf_baja_yolo
inat_285368666_512930982.jpg,oso,conf_baja_yolo
inat_285946390_514008226.jpg,oso,conf_baja_yolo
inat_290515920_522621917.jpg,oso,conf_baja_yolo
inat_302629230_545409457.jpg,oso,conf_baja_yolo
inat_302629230_545409558.jpg,oso,conf_baja_yolo
inat_30395029_47487155.jpg,oso,conf_baja_yolo
inat_306598736_552927291.jpg,oso,conf_baja_yolo
inat_30943799_48379137.jpg,oso,conf_baja_yolo
inat_30975850_48433285.jpg,oso,conf_baja_yolo
inat_30976331_48434214.jpg,oso,conf_baja_yolo
inat_311006082_561375871.jpg,oso,conf_baja_yolo
inat_315133082_569257149.jpg,oso,conf_baja_yolo
inat_321953468_582329495.jpg,oso,conf_baja_yolo
inat_321953468_582329516.jpg,oso,conf_baja_yolo
inat_321953468_582329598.jpg,oso,conf_baja_yolo
inat_321953468_582329738.jpg,oso,conf_baja_yolo
inat_322661323_583741290.jpg,oso,conf_baja_yolo
inat_322661323_583741299.jpg,oso,conf_baja_yolo
inat_322661323_583741379.jpg,oso,conf_baja_yolo
inat_322661323_583741384.jpg,oso,conf_baja_yolo
inat_322661323_583741397.jpg,oso,conf_baja_yolo
inat_322661323_583741420.jpg,oso,conf_baja_yolo
inat_322661323_583741439.jpg,oso,conf_baja_yolo
inat_322661323_583741446.jpg,oso,conf_baja_yolo
inat_322661323_583741457.jpg,oso,conf_baja_yolo
inat_322661323_583741476.jpg,oso,conf_baja_yolo
inat_322661323_583741486.jpg,oso,conf_baja_yolo
inat_322664608_583749293.jpg,oso,conf_baja_yolo
inat_322664608_583749307.jpg,oso,conf_baja_yolo
inat_322664608_583749318.jpg,oso,conf_baja_yolo
inat_322664608_583749335.jpg,oso,conf_baja_yolo
inat_322664608_583749359.jpg,oso,conf_baja_yolo
inat_327792323_593894917.jpg,oso,conf_baja_yolo
inat_327851811_597836540.jpg,oso,conf_baja_yolo
inat_327851811_597836655.jpg,oso,conf_baja_yolo
inat_328841178_595967831.jpg,oso,conf_baja_yolo
inat_329627214_597547788.jpg,oso,conf_baja_yolo
inat_330365668_599049003.jpg,oso,conf_baja_yolo
inat_330524329_599375050.jpg,oso,conf_baja_yolo
inat_330524329_599375052.jpg,oso,conf_baja_yolo
inat_330524329_599375057.jpg,oso,conf_baja_yolo
inat_330524329_599375058.jpg,oso,conf_baja_yolo
inat_330524329_599375060.jpg,oso,conf_baja_yolo
inat_330524329_599375064.jpg,oso,conf_baja_yolo
inat_331410704_601204430.jpg,oso,conf_baja_yolo
inat_331410704_601204432.jpg,oso,conf_baja_yolo
inat_331462626_601313553.jpg,oso,conf_baja_yolo
inat_331462626_601313626.jpg,oso,conf_baja_yolo
inat_33226643_52168792.jpg,oso,conf_baja_yolo
inat_332286484_603092726.jpg,oso,conf_baja_yolo
inat_334286556_607031906.jpg,oso,conf_baja_yolo
inat_334286556_607031924.jpg,oso,conf_baja_yolo
inat_334450549_607365726.jpg,oso,conf_baja_yolo
inat_334485270_607436333.jpg,oso,conf_baja_yolo
inat_336399806_611299207.jpg,oso,conf_baja_yolo
inat_338242610_615068034.jpg,oso,conf_baja_yolo
inat_338911279_616416320.jpg,oso,conf_baja_yolo
inat_339495933_617716203.jpg,oso,conf_baja_yolo
inat_339496023_617716212.jpg,oso,conf_baja_yolo
inat_342174734_623059082.jpg,oso,conf_baja_yolo
inat_343225428_625171188.jpg,oso,conf_baja_yolo
inat_344020678_626763736.jpg,oso,conf_baja_yolo
inat_344020678_626764185.jpg,oso,conf_baja_yolo
inat_344697768_628011184.jpg,oso,conf_baja_yolo
inat_34490534_54290038.jpg,oso,conf_baja_yolo
inat_349624219_637808081.jpg,oso,conf_baja_yolo
inat_351516126_641482043.jpg,oso,conf_baja_yolo
inat_351516135_641482403.jpg,oso,conf_baja_yolo
inat_351516137_641482410.jpg,oso,conf_baja_yolo
inat_351516141_641482870.jpg,oso,conf_baja_yolo
inat_351516145_641482987.jpg,oso,conf_baja_yolo
inat_351516147_641483067.jpg,oso,conf_baja_yolo
inat_351516152_641483079.jpg,oso,conf_baja_yolo
inat_351516153_641483284.jpg,oso,conf_baja_yolo
inat_351516154_641483279.jpg,oso,conf_baja_yolo
inat_351516161_641483285.jpg,oso,conf_baja_yolo
inat_351516163_641483410.jpg,oso,conf_baja_yolo
inat_351516170_641483455.jpg,oso,conf_baja_yolo
inat_362847370_662282417.jpg,oso,conf_baja_yolo
inat_36352681_57456052.jpg,oso,conf_baja_yolo
inat_364456716_665331026.jpg,oso,conf_baja_yolo
inat_364998321_666364022.jpg,oso,conf_baja_yolo
inat_368149644_672379402.jpg,oso,conf_baja_yolo
inat_368149644_672379407.jpg,oso,conf_baja_yolo
inat_370741557_677318438.jpg,oso,conf_baja_yolo
inat_371116146_678043787.jpg,oso,conf_baja_yolo
inat_371116146_678043817.jpg,oso,conf_baja_yolo
inat_371766648_679268428.jpg,oso,conf_baja_yolo
inat_374491713_684507616_frame_001.jpg,oso,conf_baja_yolo
inat_374491713_684507616_frame_013.jpg,oso,conf_baja_yolo
inat_380155555_695460971.jpg,oso,conf_baja_yolo
inat_381027924_697232853.jpg,oso,conf_baja_yolo
inat_384029108_702929799.jpg,oso,conf_baja_yolo
inat_387762324_711210894.jpg,oso,conf_baja_yolo
inat_391008482_716412377.jpg,oso,conf_baja_yolo
inat_394359318_722961443.jpg,oso,conf_baja_yolo
inat_394359318_722961444.jpg,oso,conf_baja_yolo
inat_394359318_722961457.jpg,oso,conf_baja_yolo
inat_395897101_725964198.jpg,oso,conf_baja_yolo
inat_40836667_64734745.jpg,oso,conf_baja_yolo
inat_42415614_67344971.jpg,oso,conf_baja_yolo
inat_42566614_67592901.jpg,oso,conf_baja_yolo
inat_46711174_74084637.jpg,oso,conf_baja_yolo
inat_47020993_74566326.jpg,oso,conf_baja_yolo
inat_47020993_74567159.jpg,oso,conf_baja_yolo
inat_4763347_5797828.jpg,oso,conf_baja_yolo
inat_48546645_77036783.jpg,oso,conf_baja_yolo
inat_48660817_77200359.jpg,oso,conf_baja_yolo
inat_49344081_78329285.jpg,oso,conf_baja_yolo
inat_58367708_93178554.jpg,oso,conf_baja_yolo
inat_58367719_93180257.jpg,oso,conf_baja_yolo
inat_58910805_94086278.jpg,oso,conf_baja_yolo
inat_59237210_94637599.jpg,oso,conf_baja_yolo
inat_61770689_98884432.jpg,oso,conf_baja_yolo
inat_61770689_98884458.jpg,oso,conf_baja_yolo
inat_65757559_105892367.jpg,oso,conf_baja_yolo
inat_65757866_105892957.jpg,oso,conf_baja_yolo
inat_65758026_105893345.jpg,oso,conf_baja_yolo
inat_65759134_105894914.jpg,oso,conf_baja_yolo
inat_68270326_110501282.jpg,oso,conf_baja_yolo
inat_71771197_116903880.jpg,oso,conf_baja_yolo
inat_73568198_120116357.jpg,oso,conf_baja_yolo
inat_73568198_120116424.jpg,oso,conf_baja_yolo
inat_73720061_120391440.jpg,oso,conf_baja_yolo
inat_7538062_9835051.jpg,oso,conf_baja_yolo
inat_77511026_126767390.jpg,oso,conf_baja_yolo
inat_8649458_11581021.jpg,oso,conf_baja_yolo
inat_88943612_146818508.jpg,oso,conf_baja_yolo
inat_88943616_146818569.jpg,oso,conf_baja_yolo
inat_89412031_147647268.jpg,oso,conf_baja_yolo
inat_8993378_12120443.jpg,oso,conf_baja_yolo
inat_97319000_161830515.jpg,oso,conf_baja_yolo
inat_97319000_161830557.jpg,oso,conf_baja_yolo
inat_99109154_165160691.jpg,oso,conf_baja_yolo
inat_99645347_166153700.jpg,oso,conf_baja_yolo
inat_199917176_353534243.jpg,oso_cautivo,conf_baja_yolo
inat_19338027_29733306.jpg,rastro,conf_baja_yolo
inat_222117969_393419250.jpg,rastro,conf_baja_yolo
inat_249785296_446585748.jpg,rastro,conf_baja_yolo
inat_338728748_616060781.jpg,rastro,conf_baja_yolo
inat_37924789_60197784.jpg,rastro,conf_baja_yolo
inat_42835772_68027338.jpg,rastro,conf_baja_yolo
inat_69658628_113075999.jpg,rastro,conf_baja_yolo
inat_69658628_113076001.jpg,rastro,conf_baja_yolo
inat_173296416_300932872.jpg,sin_oso,conf_baja_yolo
inat_291635328_524725900.jpg,sin_oso,conf_baja_yolo
inat_391554946_717480089.jpg,sin_oso,conf_baja_yolo
inat_259783040_466410135.jpg,duda,conf_baja_yolo
inat_259783040_466410166.jpg,duda,conf_baja_yolo
inat_259783040_466410184.jpg,duda,conf_baja_yolo
inat_259811331_466464149.jpg,duda,conf_baja_yolo
inat_259824328_466553377.jpg,duda,conf_baja_yolo
inat_259824328_466553396.jpg,duda,conf_baja_yolo
inat_259868353_466575334.jpg,duda,conf_baja_yolo
inat_284844895_511954217.jpg,duda,conf_baja_yolo
inat_381027924_697167543.jpg,duda,conf_baja_yolo
inat_46489867_73737197.jpg,duda,conf_baja_yolo
inat_48083699_76277498.jpg,duda,conf_baja_yolo
