archivo,ruta,n_cajas_oso,conf_max_oso,otras_clases
inat_101293546_169152786.jpg,data/prueba_yolo\inat_101293546_169152786.jpg,1,0.636,
inat_101293546_169152801.jpg,data/prueba_yolo\inat_101293546_169152801.jpg,1,0.713,cat
inat_101541869_169590449.jpg,data/prueba_yolo\inat_101541869_169590449.jpg,1,0.891,apple
inat_101728832_169919723.jpg,data/prueba_yolo\inat_101728832_169919723.jpg,8,0.732,
inat_101728832_169922803.jpg,data/prueba_yolo\inat_101728832_169922803.jpg,1,0.956,elephant
inat_101823394_170091049.jpg,data/prueba_yolo\inat_101823394_170091049.jpg,1,0.91,
inat_102298789_170973074.jpg,data/prueba_yolo\inat_102298789_170973074.jpg,1,0.91,
inat_102352111_171071810.jpg,data/prueba_yolo\inat_102352111_171071810.jpg,1,0.938,
inat_102630828_171604260.jpg,data/prueba_yolo\inat_102630828_171604260.jpg,2,0.588,
inat_102630828_171604266.jpg,data/prueba_yolo\inat_102630828_171604266.jpg,2,0.116,cat
inat_102630828_171604278.jpg,data/prueba_yolo\inat_102630828_171604278.jpg,1,0.903,
inat_10293762_14254748.jpg,data/prueba_yolo\inat_10293762_14254748.jpg,0,0.0,
inat_103617339_173423568.jpg,data/prueba_yolo\inat_103617339_173423568.jpg,4,0.284,
inat_104063509_174317541.jpg,data/prueba_yolo\inat_104063509_174317541.jpg,0,0.0,
inat_104436233_174991867.jpg,data/prueba_yolo\inat_104436233_174991867.jpg,2,0.842,
inat_104436233_174994135.jpg,data/prueba_yolo\inat_104436233_174994135.jpg,1,0.953,
inat_104436233_174994137.jpg,data/prueba_yolo\inat_104436233_174994137.jpg,1,0.946,
inat_104572898_175251947.jpg,data/prueba_yolo\inat_104572898_175251947.jpg,2,0.752,
inat_104572899_175251949.jpg,data/prueba_yolo\inat_104572899_175251949.jpg,4,0.435,
inat_104887017_175852607.jpg,data/prueba_yolo\inat_104887017_175852607.jpg,2,0.301,
inat_107670892_181136391.jpg,data/prueba_yolo\inat_107670892_181136391.jpg,1,0.956,
inat_108196234_182120433.jpg,data/prueba_yolo\inat_108196234_182120433.jpg,0,0.0,
inat_108196234_182120447.jpg,data/prueba_yolo\inat_108196234_182120447.jpg,0,0.0,
inat_108196234_182120560.jpg,data/prueba_yolo\inat_108196234_182120560.jpg,0,0.0,bird
inat_108196234_182120570.jpg,data/prueba_yolo\inat_108196234_182120570.jpg,0,0.0,
inat_108510091_182707831.jpg,data/prueba_yolo\inat_108510091_182707831.jpg,0,0.0,
inat_108694340_183055262.jpg,data/prueba_yolo\inat_108694340_183055262.jpg,1,0.911,
inat_108751448_183162795.jpg,data/prueba_yolo\inat_108751448_183162795.jpg,5,0.755,
inat_108751448_183162806.jpg,data/prueba_yolo\inat_108751448_183162806.jpg,3,0.828,
inat_108751448_183162812.jpg,data/prueba_yolo\inat_108751448_183162812.jpg,5,0.725,
